cnt,escs_Q1_change,escs_Q4_change,escs_Q4-Q1_change,escs_Q4-Q1_se,escs_h_Q1_change,escs_h_Q4_change,escs_h_Q4-Q1_change,escs_h_Q4-Q1_se,homepos_Q1_change,homepos_Q4_change,homepos_Q4-Q1_change,homepos_Q4-Q1_se,homepos_h_Q1_change,homepos_h_Q4_change,homepos_h_Q4-Q1_change,homepos_h_Q4-Q1_se
ISR,2.989934997337059,-38.52559389492387,-41.515528892261045,7.68863489135207,-2.5008631053761974,-22.821294886630028,-20.320431781253887,7.244014894081282,10.17700248105325,-55.21208384314178,-65.38908632419503,7.736494465527222,-14.331437903549045,-32.493133243963655,-18.161695340414653,7.147014762896859
LTU,8.286039570055209,-17.688852143207384,-25.97489171326265,6.146638303144027,2.910189610421014,-7.677772834667337,-10.58796244508838,6.261256851461178,18.122325242631405,-24.931336560054547,-43.05366180268602,5.739185736015236,-1.0442444452621658,-8.179228852510334,-7.13498440724819,5.686359759225486
AUT,2.602960228341715,-22.447731725178528,-25.05069195352023,5.429707051816438,-4.389090151354424,-14.925221015546072,-10.536130864191918,5.687624181263564,10.741761053804396,-29.18512841553837,-39.926889469342825,6.138486436906337,-4.445172521672589,-12.344623078716497,-7.899450557043906,6.515989573646695
SVN,-11.602149819877752,-36.365103784337066,-24.762953964459257,5.881603301914593,-17.10105097469659,-18.927260214738737,-1.826209240042246,5.929217379678718,-1.5684650519791037,-51.998983247457886,-50.43051819547869,6.214641809175047,-25.867960639932164,-22.42582619798145,3.442134441950621,5.93411975231948
BEL,4.734124127675841,-14.991835611788249,-19.725959739464106,6.682974903498522,1.8534906415077896,-5.732713294713221,-7.586203936220997,6.427736238108429,8.313349778011457,-28.400064309368418,-36.713414087379874,7.337498891706569,-2.13791971263646,-8.815297706846081,-6.677377994209621,7.173115176053534
CHE,2.231798540522675,-17.01606983741044,-19.247868377933077,6.305902976574335,-1.2807697549081354,-4.988222701054838,-3.707452946146759,6.623664503890403,17.1988933983053,-43.75708579058846,-60.95597918889359,6.830811100674936,-0.9912520655792036,-21.49161456235709,-20.500362496778067,6.493130273952626
SWE,-10.483304323702328,-29.64599391604804,-19.162689592345885,5.854014427346398,-16.047393104666412,-19.787962999650688,-3.7405698949843895,5.987347053827491,8.975657871715157,-45.91891406663433,-54.894571938349465,6.196502130928957,-7.099589099949753,-25.95533507965729,-18.855745979707606,6.423764181579166
AUS,-2.4138025987555807,-20.837628052604487,-18.42382545384872,5.035260969279339,-7.812584711050022,-10.85082330053649,-3.0382385894864115,4.773727571953293,10.20227167456278,-34.11725006374138,-44.319521738304125,5.1168740335950496,-5.874575377390727,-14.794126754545289,-8.919551377154434,4.945454639876385
FRA,-2.2838723178162468,-20.311426735536315,-18.02755441771994,6.713007060861328,-9.138787567771828,-13.612337215209095,-4.47354964743711,6.67772101065321,3.826702747716524,-35.95695319387687,-39.78365594159348,6.0620642155981495,-11.402837490669754,-16.078875572082268,-4.676038081412557,6.336217530854424
HUN,-4.043660796063307,-21.270522269136904,-17.22686147307357,8.455643875001856,-9.686845739495196,-17.261351734520645,-7.574505995025405,8.262872727851539,7.44888301758192,-29.847067780255717,-37.29595079783744,7.519365419439967,-9.60335977191437,-15.14283373444914,-5.539473962534927,7.853372711123926
SVK,19.39251505969992,2.4415276075501424,-16.950987452149775,8.900564928036822,7.048374935160325,7.181325791617383,0.1329508564572705,8.761981699559447,34.04664169839157,-17.4788337425735,-51.52547544096512,9.539984913475683,16.258923300055926,2.0424344172054703,-14.21648888285047,9.370152083018615
LVA,-8.858518025308967,-25.27132973656302,-16.412811711254115,5.094609859696224,-12.109069414944656,-20.86475177035129,-8.755682355406606,5.326934702674043,-9.780653825226011,-38.18059035460152,-28.39993652937545,4.793721606241389,-21.907404585404663,-24.2101728191505,-2.302768233745894,4.609296595528963
CZE,2.6616738105301465,-13.51798513365975,-16.17965894418994,6.713890990061127,-5.92385740499742,-6.557821421480071,-0.6339640164826363,6.980492394247567,13.50226565150666,-29.98808908180069,-43.49035473330731,6.28956415688856,-11.488454460464425,-6.445042375025309,5.043412085439215,6.409541062449601
DNK,-7.596525734781835,-23.66209117077898,-16.065565435997144,6.142991482316721,-11.154207988128348,-10.182503445388988,0.9717045427393672,5.816233529626881,-7.784363047233342,-33.16192740362442,-25.377564356391236,5.511863709283786,-16.84563259080744,-19.33335209892317,-2.487719508115717,5.576489250324986
NZL,15.66447092539903,-0.380275819241092,-16.04474674464008,6.721439415470293,10.438285475191492,8.464672631666986,-1.973612843524449,6.942944673700485,15.554594307698837,-8.116005075288967,-23.670599382987906,6.386255813800267,6.578751417830972,5.750286549362443,-0.8284648684684299,6.915809697437452
POL,3.694050256790433,-11.25893857440576,-14.95298883119638,6.929721543069338,-4.597696955975039,-6.055246453044219,-1.457549497069223,6.821653865304185,16.926798747325506,-24.43689328223951,-41.36369202956499,6.500426246827656,3.036669158602308,-3.412990045271272,-6.449659203873488,6.387688294917219
ISL,5.806441720251485,-8.152588469156797,-13.959030189408324,6.603444917245339,0.8469376958972816,3.240728092231848,2.393790396334545,6.677598935177601,-3.4992301121797595,-23.418115953793404,-19.918885841613715,6.453713753915701,-13.914537973053823,-4.730911209132216,9.183626763921623,6.271377747176269
ESP,-10.492019856964362,-24.16698477330044,-13.674964916336153,4.033393780045848,-15.154041068098197,-15.19996277936383,-0.0459217112657484,4.011556573888931,2.774297052826625,-35.15797617826047,-37.93227323108698,4.38263050335549,-12.258013188731184,-17.44371711965215,-5.1857039309209085,4.316191466794419
CAN,-6.305642521325751,-19.94922102141834,-13.6435785000927,4.534340206617296,-9.571517240202295,-9.933481324894046,-0.3619640846915359,4.590974115881596,0.7041580458270573,-33.89985781346434,-34.604015859291536,4.811300326010794,-13.302347183316217,-11.27527891785735,2.0270682654589223,5.199463008121456
FIN,-8.402954007561164,-20.693475482193435,-12.290521474632456,4.685665106781923,-15.326807723042748,-11.260686428513909,4.066121294528799,4.404825777273476,9.357434014562102,-35.449418520940185,-44.80685253550224,4.427976275191143,-6.967926802750128,-16.422004654359228,-9.454077851609178,4.505243702514954
USA,3.825262846343662,-5.189727868394471,-9.014990714738246,18.569562939418265,-3.1222050979907863,1.0726746576267487,4.1948797556176345,19.501921272553005,5.285927587774893,-22.428035571268254,-27.71396315904312,14.944649527788853,-2.1497993632814314,-2.8622008973572406,-0.7124015340756387,16.122742004526586
KOR,-5.318880000255092,-12.39660877123572,-7.077728770980528,9.773946857752916,-14.104142108608356,-8.127084514267153,5.977057594341147,9.137065645048466,9.134684485778166,-16.16107524111635,-25.29575972689456,10.641690421347535,-5.715454759955492,-4.356593309455775,1.3588614504995462,9.933576459811633
ITA,0.933102004444322,-5.154986552595062,-6.088088557039342,7.55930092943644,-6.250473820807599,-0.9732374929105276,5.2772363278970005,7.164718751865186,3.7486042080703896,-15.458635601192327,-19.207239809262745,6.982677687202168,-10.426591390514488,-2.3540661648242462,8.072525225690214,6.538550329156529
EST,-4.001289097798406,-9.322497834800744,-5.321208737002294,6.231583616952272,-8.38096142154933,-2.3818158126708795,5.999145608878663,6.098314677677669,16.53523946368813,-18.85058798326133,-35.385827446949385,5.453525813717548,-1.002926675760648,-3.4669796704541795,-2.4640529946936383,5.647856742043216
NLD,-7.285984001276745,-11.54149473265818,-4.255510731381335,8.678668414216002,-4.797884426107316,-4.803173260805579,-0.0052888346982626,8.697125211703588,10.003358509710438,-36.06974802837215,-46.073106538082456,8.154368297891434,17.230089523630568,-16.597923615434752,-33.828013139065455,8.237958937296735
NOR,-18.450962816038555,-20.905238828967924,-2.454276012929256,5.825730852374638,-22.793867482971564,-11.83332231866251,10.960545164308968,5.939924307511519,0.6314553906465221,-34.80865170046661,-35.44010709111315,5.9825321565177125,-13.245730610710268,-17.19623388317001,-3.950503272459855,6.374855492117804
JPN,-8.081404072149041,-10.105584763904858,-2.02418069175576,9.648944989695233,-14.99689566540701,0.1243781117743765,15.121273777181386,9.678448496356696,5.706928145960092,-34.510913043592154,-40.2178411895523,7.886764843587987,-8.248238816523838,-8.486372504852511,-0.2381336883286593,8.49206611705672
MEX,-6.537222499278641,-7.820424694032965,-1.28320219475426,5.9501695767355525,-8.62055605733542,-6.059705779909677,2.560850277425793,5.978126798219266,2.174376463946487,-17.757829483858586,-19.93220594780498,6.279646131728561,-6.516593276809033,-10.04662058539941,-3.5300273085904195,6.217008602238768
IRL,-10.529284519300916,-11.69495181622267,-1.165667296921967,5.258624801000086,-13.370424615316097,-8.82657634021598,4.543848275100217,5.197454913123662,-3.787982813231338,-23.38909611994353,-19.601113306712364,5.463562218416237,-14.067796146005662,-12.28808150090822,1.779714645097414,5.58177117995547
PRT,-11.108828990991752,-12.260743970384963,-1.151914979393197,6.762042980448507,-12.511852517329544,-7.405384029952984,5.106468487376446,6.455267706803172,-1.9442861605127175,-22.57017640353638,-20.62589024302366,7.582137318676928,-8.058628078450113,-12.976746765216944,-4.918118686766917,6.917594492446982
COL,-1.1888728002571156,-1.657350123416677,-0.4684773231595613,9.249389483545936,-3.02354820895016,2.962182062908312,5.985730271858529,9.845518590923016,3.058045426742865,-8.837408218752557,-11.895453645495364,8.216373432980857,-3.1355267002125515,-3.7892611375159504,-0.6537344373033989,8.2085974255273
DEU,-11.13444765949231,-10.90735124628486,0.2270964132075335,6.920399873168733,-14.546664662820262,-2.462509445688056,12.084155217132135,6.635610595842616,2.2022914572437458,-22.382781209299083,-24.5850726665429,7.642683989512553,-11.993984710985728,-4.723145681414962,7.270839029570624,7.181337755851911
GBR,-6.0296080311129,-5.732391479626813,0.2972165514859881,8.185941659669156,-6.787995052302165,3.856718640493455,10.644713692795648,8.194335873687745,10.901944246418964,-19.92103507819138,-30.82297932461033,7.10875883627219,-5.323105146718547,-1.880900541462438,3.442204605256123,7.664250557171287
CHL,-6.150253646543774,-5.563539138096587,0.5867145084471161,6.427389737508871,-10.655152547692012,-2.116095201886253,8.539057345805745,6.475059904463503,2.2964045672506472,-17.774109259341003,-20.070513826591583,5.938451963369126,-5.399319964057895,-5.386376690279008,0.0129432737788874,5.613005872308689
GRC,-9.270286928030371,-8.218994385235078,1.0512925427952098,6.806155464045838,-13.297977470488888,0.2381628916265867,13.53614036211539,6.7980430949765385,6.7271622587767865,-22.507130262217743,-29.23429252099445,5.871888792988516,-8.691431337614006,-5.221740060657055,3.4696912769569863,6.234656533260396
TUR,4.31385027525414,18.271861323769823,13.9580110485157,7.0832307397486,-1.5451646131141956,22.86390840044902,24.4090730135632,7.105585137502096,21.59410174331566,-8.333361676999175,-29.92746342031484,7.200826761523823,6.510335827312019,8.677323367375152,2.166987540063161,7.715302907291959
