rule,cnt,gap_2022,gap_2025,change,se
Occupation: HISEI >= 60 vs < 35,AUS,71.9597969866939,67.3013686808197,-4.65842830587417,4.24863432208172
Occupation: HISEI >= 60 vs < 35,AUT,77.6515522650719,61.0624990945811,-16.5890531704908,4.67949809876825
Occupation: HISEI >= 60 vs < 35,BEL,86.3242013209911,80.583348195976,-5.74085312501507,4.87125853434848
Occupation: HISEI >= 60 vs < 35,CAN,58.1316782566637,58.3247717221997,0.193093465536037,3.91409286198409
Occupation: HISEI >= 60 vs < 35,CHE,83.3129996519687,83.8970056310034,0.584005979034657,5.66407774005694
Occupation: HISEI >= 60 vs < 35,CHL,49.8242811755686,55.8482591637908,6.02397798822216,4.92952723864781
Occupation: HISEI >= 60 vs < 35,COL,54.832145506458,52.726912299785,-2.10523320667301,7.66635621690672
Occupation: HISEI >= 60 vs < 35,CZE,89.9656550099254,78.8464478353877,-11.1192071745376,5.57332620196845
Occupation: HISEI >= 60 vs < 35,DEU,81.9889068316315,86.6323715373055,4.64346470567398,5.63710250374278
Occupation: HISEI >= 60 vs < 35,DNK,57.5821216176266,46.3957615175289,-11.1863601000977,5.68913664930713
Occupation: HISEI >= 60 vs < 35,ESP,56.7108897578601,58.5143628019261,1.80347304406598,2.93491277703619
Occupation: HISEI >= 60 vs < 35,EST,58.6109072694152,69.3781389662763,10.7672316968611,5.27590885378433
Occupation: HISEI >= 60 vs < 35,FIN,61.2375945613031,58.3856574119365,-2.85193714936662,3.88816589490465
Occupation: HISEI >= 60 vs < 35,FRA,77.1441015578596,68.3804406454607,-8.76366091239885,5.48192014934724
Occupation: HISEI >= 60 vs < 35,GBR,56.1919511833837,66.8572605882996,10.6653094049159,5.90745475235242
Occupation: HISEI >= 60 vs < 35,GRC,56.4558149333365,63.3563610083308,6.90054607499428,5.07417461871887
Occupation: HISEI >= 60 vs < 35,HUN,99.3266276959529,84.2741553000952,-15.0524723958577,7.03259294813526
Occupation: HISEI >= 60 vs < 35,IRL,50.8829332246115,55.7628056316341,4.87987240702262,4.02956078260466
Occupation: HISEI >= 60 vs < 35,ISL,44.7390228814306,44.5418977080095,-0.197125173421171,6.0053255680872
Occupation: HISEI >= 60 vs < 35,ISR,90.9634205705265,84.9972559629888,-5.96616460753768,7.40051572180101
Occupation: HISEI >= 60 vs < 35,ITA,61.2607934910746,59.2852879016664,-1.97550558940821,6.26429253330049
Occupation: HISEI >= 60 vs < 35,JPN,42.4181867333435,47.3406123246742,4.92242559133064,7.34453592106689
Occupation: HISEI >= 60 vs < 35,KOR,52.4264832510727,66.4769015799313,14.0504183288585,7.21560691685645
Occupation: HISEI >= 60 vs < 35,LTU,60.9603533962693,59.311412627928,-1.64894076834133,5.74249266986233
Occupation: HISEI >= 60 vs < 35,LVA,57.579677022183,48.4602801435543,-9.11939687862872,4.32437684362958
Occupation: HISEI >= 60 vs < 35,MEX,36.4543113785529,39.5081435190562,3.05383214050335,4.42929349695337
Occupation: HISEI >= 60 vs < 35,NLD,83.3708565040461,81.3345698035252,-2.03628670052098,7.16616662308577
Occupation: HISEI >= 60 vs < 35,NOR,55.9377995112853,65.9253961950435,9.98759668375811,4.92925942606282
Occupation: HISEI >= 60 vs < 35,NZL,72.0128054663323,69.0213085716649,-2.99149689466742,6.36319567505932
Occupation: HISEI >= 60 vs < 35,POL,64.7778398647357,63.5169438527627,-1.26089601197305,5.65198571760177
Occupation: HISEI >= 60 vs < 35,PRT,73.4813007345371,76.4979494457783,3.0166487112412,5.50600133436496
Occupation: HISEI >= 60 vs < 35,SVK,97.575409680451,91.8754209926828,-5.69998868776816,7.33829654635471
Occupation: HISEI >= 60 vs < 35,SVN,71.3661445762574,62.1243066245619,-9.24183795169546,5.51575553131263
Occupation: HISEI >= 60 vs < 35,SWE,64.9379971135441,70.2855763599963,5.34757924645214,5.01895634661674
Occupation: HISEI >= 60 vs < 35,TUR,67.110980384459,71.1957457311442,4.08476534668512,5.29783050674005
Occupation: HISEI >= 60 vs < 35,USA,64.4539249947328,73.1104835617379,8.65655856700511,13.7447549176473
Education: tertiary vs 12 years or fewer,AUS,54.4945092777931,58.9868940802684,4.49238480247527,4.00938108760201
Education: tertiary vs 12 years or fewer,AUT,58.8888004599797,51.0447461761295,-7.84405428385026,5.09602045635018
Education: tertiary vs 12 years or fewer,BEL,49.9492001807773,58.4499465050418,8.50074632426447,4.60604923367705
Education: tertiary vs 12 years or fewer,CAN,47.4466646890509,59.8092828075305,12.3626181184796,3.94378194356233
Education: tertiary vs 12 years or fewer,CHE,52.7224667716536,61.8195634163006,9.09709664464702,5.13722331448277
Education: tertiary vs 12 years or fewer,CHL,31.5205200885101,46.0623632899952,14.5418432014851,4.51678430470315
Education: tertiary vs 12 years or fewer,COL,34.5002044421491,45.8310154648167,11.3308110226677,6.66124961621323
Education: tertiary vs 12 years or fewer,CZE,58.9242068377211,59.8560923463915,0.931885508670462,4.49547129363151
Education: tertiary vs 12 years or fewer,DEU,39.2273313723624,53.6259075357256,14.3985761633633,5.13814166457477
Education: tertiary vs 12 years or fewer,DNK,35.0036813036288,44.4578415834316,9.45416027980281,5.10091356647022
Education: tertiary vs 12 years or fewer,ESP,41.2944619118397,47.959806946515,6.66534503467528,3.03298343198825
Education: tertiary vs 12 years or fewer,EST,40.474097917687,51.8805054324949,11.4064075148079,4.71041200009288
Education: tertiary vs 12 years or fewer,FIN,37.5457986042748,52.0745664662025,14.5287678619277,3.71159991840623
Education: tertiary vs 12 years or fewer,FRA,49.920402993353,56.1986368511654,6.27823385781238,4.74906456771199
Education: tertiary vs 12 years or fewer,GBR,32.3715122537727,51.7002982169964,19.3287859632237,5.57343727525495
Education: tertiary vs 12 years or fewer,GRC,33.4480211921825,48.8171986484445,15.3691774562619,4.40520411867788
Education: tertiary vs 12 years or fewer,HUN,45.3523987325537,57.5213729523492,12.1689742197955,5.20103579127169
Education: tertiary vs 12 years or fewer,IRL,37.0542454335439,48.0898100767047,11.0355646431608,4.07717562928314
Education: tertiary vs 12 years or fewer,ISL,39.4392303114237,36.3426276150211,-3.09660269640261,5.94930236630598
Education: tertiary vs 12 years or fewer,ISR,65.2047497168651,59.1726914594411,-6.03205825742401,6.00228450037898
Education: tertiary vs 12 years or fewer,ITA,32.5746291876291,42.2166272204232,9.64199803279405,5.66440730115279
Education: tertiary vs 12 years or fewer,JPN,55.837523190849,71.4000467446665,15.5625235538175,7.37023876016306
Education: tertiary vs 12 years or fewer,KOR,42.2685750809517,69.0082364303447,26.7396613493929,6.56979001805513
Education: tertiary vs 12 years or fewer,LTU,45.348460831106,44.4045001342881,-0.943960696817953,4.61613923121487
Education: tertiary vs 12 years or fewer,LVA,40.7795430548683,44.0994837706405,3.31994071577213,4.39830961452221
Education: tertiary vs 12 years or fewer,MEX,30.0485675207327,32.7871013080031,2.73853378727034,4.69227617614538
Education: tertiary vs 12 years or fewer,NLD,34.28504781447,61.0840330871583,26.7989852726882,6.57030543604764
Education: tertiary vs 12 years or fewer,NOR,43.4577149719085,62.6365614954606,19.1788465235522,5.35046166552134
Education: tertiary vs 12 years or fewer,NZL,52.1527600947344,47.5866177535337,-4.56614234120065,5.39659344318898
Education: tertiary vs 12 years or fewer,POL,53.4681606347797,58.4197040589299,4.95154342415026,4.86068359308766
Education: tertiary vs 12 years or fewer,PRT,46.7985340136845,57.980491512509,11.1819574988245,4.66797452995918
Education: tertiary vs 12 years or fewer,SVK,43.5082157418715,63.2578284316234,19.7496126897519,6.15260367363126
Education: tertiary vs 12 years or fewer,SVN,41.9903006893455,50.1938098930209,8.20350920367531,4.18358044352495
Education: tertiary vs 12 years or fewer,SWE,40.1737519971911,60.6706929097072,20.4969409125161,4.9105462451816
Education: tertiary vs 12 years or fewer,TUR,38.2954556147631,74.0472301193865,35.7517745046235,5.54122802692132
Education: tertiary vs 12 years or fewer,USA,44.7269957781144,46.5579307395315,1.83093496141714,11.9331585083432
Books: more than 100 vs 25 or fewer,AUS,77.1184773987155,70.7612300077658,-6.35724739094974,3.88210245854336
Books: more than 100 vs 25 or fewer,AUT,96.7459357319329,88.1096974810369,-8.63623825089604,4.81807941785753
Books: more than 100 vs 25 or fewer,BEL,87.6352057475828,88.7384003665675,1.10319461898467,5.65058178251622
Books: more than 100 vs 25 or fewer,CAN,63.1294515260688,59.7182569771992,-3.41119454886962,3.76395288160292
Books: more than 100 vs 25 or fewer,CHE,97.8132756941717,94.2160608680585,-3.59721482611315,5.4677977133977
Books: more than 100 vs 25 or fewer,CHL,58.4827717799567,55.0221025022757,-3.46066927768101,5.77292349854202
Books: more than 100 vs 25 or fewer,COL,59.2124764096409,49.5014221891536,-9.71105422048731,8.68831066653502
Books: more than 100 vs 25 or fewer,CZE,95.5601043951804,93.2864341568724,-2.27367023830794,5.53248978072998
Books: more than 100 vs 25 or fewer,DEU,102.975633571917,103.231176228803,0.255542656886064,5.44081412760224
Books: more than 100 vs 25 or fewer,DNK,66.1076777609415,62.9119613258597,-3.19571643508181,5.00984921421575
Books: more than 100 vs 25 or fewer,ESP,79.1735102643625,69.6124561998951,-9.56105406446738,3.18774415076521
Books: more than 100 vs 25 or fewer,EST,74.2888837002587,72.2200857700896,-2.06879793016907,5.06019537056086
Books: more than 100 vs 25 or fewer,FIN,71.475873860128,64.7220633802282,-6.75381047989981,4.24771978154939
Books: more than 100 vs 25 or fewer,FRA,99.1363078871991,88.8882419014797,-10.2480659857195,5.25620690833289
Books: more than 100 vs 25 or fewer,GBR,85.7147511822786,86.8296570143636,1.11490583208501,5.46797436404718
Books: more than 100 vs 25 or fewer,GRC,61.6673343443929,70.564282152857,8.89694780846406,5.28054665332154
Books: more than 100 vs 25 or fewer,HUN,108.057846318921,94.2655241423254,-13.7923221765952,6.14688250516949
Books: more than 100 vs 25 or fewer,IRL,71.8748958847221,72.6221993753704,0.747303490648335,4.33425182730502
Books: more than 100 vs 25 or fewer,ISL,67.5007385892619,72.9222206515366,5.42148206227472,5.53669420502146
Books: more than 100 vs 25 or fewer,ISR,91.2423723026388,77.1308099935352,-14.1115623091036,7.10296657080424
Books: more than 100 vs 25 or fewer,ITA,72.8167091124631,78.4863639591934,5.66965484673028,5.71116553600732
Books: more than 100 vs 25 or fewer,JPN,57.6503804512647,68.2202582663184,10.5698778150537,6.68548244837174
Books: more than 100 vs 25 or fewer,KOR,91.484801810128,81.2080804483267,-10.2767213618013,8.96688558034211
Books: more than 100 vs 25 or fewer,LTU,79.2344328294585,63.983854225263,-15.2505786041954,5.06705601543399
Books: more than 100 vs 25 or fewer,LVA,59.4915452849024,62.0196806964456,2.52813541154325,4.21332560711008
Books: more than 100 vs 25 or fewer,MEX,27.8110690941612,30.7248000768507,2.91373098268957,9.00777111577858
Books: more than 100 vs 25 or fewer,NLD,95.1213861375704,85.2390736473134,-9.88231249025699,7.77974691143206
Books: more than 100 vs 25 or fewer,NOR,75.1963066018611,69.6825471480976,-5.5137594537635,4.32532864703826
Books: more than 100 vs 25 or fewer,NZL,83.8628341816415,82.1308658623235,-1.73196831931801,5.80594377209425
Books: more than 100 vs 25 or fewer,POL,78.070090402777,76.5648114937175,-1.50527890905954,6.06681588523327
Books: more than 100 vs 25 or fewer,PRT,87.8468124022274,79.4935629332281,-8.35324946899931,5.63783604020521
Books: more than 100 vs 25 or fewer,SVK,107.160617138974,106.105818502012,-1.05479863696269,6.79561232156318
Books: more than 100 vs 25 or fewer,SVN,84.136268363824,76.81096851456,-7.32529984926396,4.77774627921653
Books: more than 100 vs 25 or fewer,SWE,88.4260641633622,88.0249858081467,-0.401078355215532,5.17950129535467
Books: more than 100 vs 25 or fewer,TUR,85.6851091222482,86.5780626097835,0.892953487535294,5.06330005632259
Books: more than 100 vs 25 or fewer,USA,89.1996294170597,83.8684552480441,-5.33117416901558,11.2528547855814
Possessions: top vs bottom quartile of the fixed 16-item score,AUS,78.3779879969621,72.2711364800621,-6.10685151690001,6.54879067492286
Possessions: top vs bottom quartile of the fixed 16-item score,AUT,91.6968687470467,85.6883899958312,-6.00847875121548,6.11796412836545
Possessions: top vs bottom quartile of the fixed 16-item score,BEL,97.4033785297532,89.7728629454784,-7.6305155842748,6.87542291244239
Possessions: top vs bottom quartile of the fixed 16-item score,CAN,55.1791802283481,57.1536627368018,1.97448250845366,5.41788731531022
Possessions: top vs bottom quartile of the fixed 16-item score,CHE,98.944880611298,79.6015027294447,-19.3433778818533,6.60130763144324
Possessions: top vs bottom quartile of the fixed 16-item score,CHL,55.3377375762016,60.4398771617786,5.10213958557699,5.93423509007361
Possessions: top vs bottom quartile of the fixed 16-item score,COL,82.7358392353016,81.2700857208171,-1.46575351448456,14.5245297657159
Possessions: top vs bottom quartile of the fixed 16-item score,CZE,75.8205906375819,75.5191334521679,-0.301457185413994,6.16592857425315
Possessions: top vs bottom quartile of the fixed 16-item score,DEU,96.2689515652539,97.332191144191,1.06323957893704,6.65967340443838
Possessions: top vs bottom quartile of the fixed 16-item score,DNK,69.317712562546,74.9091763280169,5.59146376547091,5.90971408038589
Possessions: top vs bottom quartile of the fixed 16-item score,ESP,74.3008002061565,67.6146536815596,-6.68614652459689,4.19864608132674
Possessions: top vs bottom quartile of the fixed 16-item score,EST,62.1175795822867,56.9781292155639,-5.13945036672283,6.50235570603906
Possessions: top vs bottom quartile of the fixed 16-item score,FIN,54.3748374752813,38.6805795061085,-15.6942579691728,5.31012883070236
Possessions: top vs bottom quartile of the fixed 16-item score,FRA,88.2020271025664,79.0568747270048,-9.14515237556157,6.24550307268242
Possessions: top vs bottom quartile of the fixed 16-item score,GBR,64.7709672147006,67.1780462760888,2.40707906138823,7.62378555429032
Possessions: top vs bottom quartile of the fixed 16-item score,GRC,38.2260272282252,35.7361649903348,-2.48986223789041,8.01975669307143
Possessions: top vs bottom quartile of the fixed 16-item score,HUN,95.1220060593774,87.628648645734,-7.49335741364342,7.47079519893804
Possessions: top vs bottom quartile of the fixed 16-item score,IRL,66.8798413862419,69.4931369500691,2.61329556382719,6.53419112806223
Possessions: top vs bottom quartile of the fixed 16-item score,ISL,61.7749790188686,63.1523377392949,1.37735872042629,9.11057394238451
Possessions: top vs bottom quartile of the fixed 16-item score,ISR,92.2697496072949,71.7125355051388,-20.5572141021561,7.61972972953747
Possessions: top vs bottom quartile of the fixed 16-item score,ITA,67.6006105757502,72.0094510775117,4.40884050176152,6.90551736312836
Possessions: top vs bottom quartile of the fixed 16-item score,JPN,39.152032783662,24.2616880632473,-14.8903447204147,10.0920975748694
Possessions: top vs bottom quartile of the fixed 16-item score,KOR,78.928999508939,78.5868095503662,-0.342189958572817,10.1953566101681
Possessions: top vs bottom quartile of the fixed 16-item score,LTU,64.8732617731125,54.4819892675288,-10.3912725055837,6.75369157487528
Possessions: top vs bottom quartile of the fixed 16-item score,LVA,56.8448169587191,37.3909547138747,-19.4538622448444,5.41249876985709
Possessions: top vs bottom quartile of the fixed 16-item score,MEX,40.5422873302638,42.9052052697419,2.36291793947805,9.22891725028682
Possessions: top vs bottom quartile of the fixed 16-item score,NLD,95.398588800719,70.3834930170813,-25.0150957836377,10.3927705435837
Possessions: top vs bottom quartile of the fixed 16-item score,NOR,67.5383497144595,62.2553389534957,-5.28301076096381,6.97459466115488
Possessions: top vs bottom quartile of the fixed 16-item score,NZL,86.9823918682735,81.7758248023449,-5.20656706592865,6.73007574767112
Possessions: top vs bottom quartile of the fixed 16-item score,POL,59.2260275793919,54.0092703715758,-5.2167572078161,7.21579379298395
Possessions: top vs bottom quartile of the fixed 16-item score,PRT,83.4236111812385,76.8195259683961,-6.60408521284239,6.64449096684942
Possessions: top vs bottom quartile of the fixed 16-item score,SVK,89.7580399952524,88.4209681089206,-1.33707188633184,8.94719181182125
Possessions: top vs bottom quartile of the fixed 16-item score,SVN,53.8572677524111,58.2088765726111,4.3516088202,6.12485968871776
Possessions: top vs bottom quartile of the fixed 16-item score,SWE,90.7245830228374,67.1695138816343,-23.5550691412031,6.77857775947784
Possessions: top vs bottom quartile of the fixed 16-item score,TUR,46.6001699162901,47.8333830350606,1.23321311877049,14.1013445182915
Possessions: top vs bottom quartile of the fixed 16-item score,USA,78.3407526573857,75.8487620772518,-2.49199058013397,11.611504291306
Occupation and books,AUS,116.146104499654,105.723984368389,-10.4221201312647,5.30836828431755
Occupation and books,AUT,122.472713865751,106.037101181431,-16.4356126843194,5.84654057309491
Occupation and books,BEL,124.448275683037,117.385087223654,-7.06318845938307,6.44619411136073
Occupation and books,CAN,93.5660902319461,92.1115773283474,-1.45451290359864,6.08151663334844
Occupation and books,CHE,127.419876037201,123.991474196485,-3.42840184071662,7.40061790541008
Occupation and books,CHL,89.7486570779294,87.0193348066966,-2.72932227123272,7.08706396490044
Occupation and books,COL,101.098943524145,90.8690376684356,-10.2299058557091,11.4639280711789
Occupation and books,CZE,143.556203065074,126.193978996735,-17.3622240683391,7.24393552353741
Occupation and books,DEU,128.573738081716,130.661463976551,2.08772589483516,7.27857034350368
Occupation and books,DNK,92.9528466981562,81.2288608745522,-11.723985823604,7.86632991569537
Occupation and books,ESP,104.078392862081,93.9239924149862,-10.1544004470949,4.19277837796488
Occupation and books,EST,104.232088462437,105.94337454896,1.71128608652219,7.03858574122962
Occupation and books,FIN,99.1164293994584,92.825532112935,-6.29089728652338,5.45005768236053
Occupation and books,FRA,126.897730500006,109.556210223792,-17.3415202762145,6.57936679495885
Occupation and books,GBR,112.690697435042,118.59104170267,5.90034426762833,7.52349810169004
Occupation and books,GRC,90.3735338841095,98.8728299694501,8.49929608534058,7.16643875167083
Occupation and books,HUN,144.347383418771,128.736411861727,-15.6109715570441,8.18266114758924
Occupation and books,IRL,95.8045215918074,94.7781601488074,-1.02636144299998,5.9254867856019
Occupation and books,ISL,88.1397756379752,84.9913471509711,-3.14842848700408,9.75811241779884
Occupation and books,ISR,134.531985371588,116.602064919791,-17.9299204517973,10.4721929689491
Occupation and books,ITA,102.16477726442,97.2542910853124,-4.91048617910712,8.00028140580734
Occupation and books,JPN,85.6064711764308,98.3590579572357,12.752586780805,10.3548457741041
Occupation and books,KOR,106.288610109466,114.397302862158,8.10869275269249,13.8059543819729
Occupation and books,LTU,104.427362356708,93.6447525963876,-10.7826097603205,7.52240370393676
Occupation and books,LVA,92.5482657637737,82.3620446029871,-10.1862211607867,6.03706793604517
Occupation and books,MEX,63.7371116984773,62.3106200319403,-1.426491666537,10.3662277409344
Occupation and books,NLD,133.772549802255,132.288698034037,-1.48385176821802,8.9951419973089
Occupation and books,NOR,93.636296391796,98.8107233605204,5.17442696872445,7.10522913461216
Occupation and books,NZL,118.894912383888,111.441284944071,-7.45362743981713,8.26873934273595
Occupation and books,POL,108.067073696368,102.128167601025,-5.93890609534333,7.62205794868049
Occupation and books,PRT,117.461041085495,109.135056950084,-8.32598413541109,7.8096819087687
Occupation and books,SVK,153.254245724355,142.387403381549,-10.8668423428066,8.69690841406173
Occupation and books,SVN,117.828352989324,104.739064159747,-13.089288829577,7.21814639533591
Occupation and books,SWE,113.611779922021,113.328178819882,-0.28360110213913,6.72395469316032
Occupation and books,TUR,116.181594311654,122.734303959146,6.55270964749212,6.86385105791953
Occupation and books,USA,116.29849600455,112.644623182436,-3.65387282211373,16.6847128499449
"Occupation, education and books",AUS,118.134454465716,108.903357453635,-9.23109701208062,7.18656425965924
"Occupation, education and books",AUT,127.781112892364,114.754042232763,-13.0270706596015,7.47398368767848
"Occupation, education and books",BEL,123.430533031912,116.650603256204,-6.77992977570835,7.89184861204267
"Occupation, education and books",CAN,105.162478120487,104.97479860425,-0.187679516236869,8.31156278728022
"Occupation, education and books",CHE,133.030678326089,126.844147281027,-6.18653104506217,8.89709867812535
"Occupation, education and books",CHL,92.0216862655722,93.8271500289171,1.8054637633449,7.30136990755951
"Occupation, education and books",COL,106.267954670548,99.1922728092409,-7.07568186130698,12.0369153988782
"Occupation, education and books",CZE,151.644576020628,132.647352846707,-18.9972231739205,7.84332928752697
"Occupation, education and books",DEU,130.238558722425,140.197837870362,9.95927914793748,8.60651452018835
"Occupation, education and books",DNK,102.37080804461,88.9566643177722,-13.4141437268375,10.366961873538
"Occupation, education and books",ESP,107.955428935215,96.4126959515553,-11.54273298366,4.78728138247314
"Occupation, education and books",EST,111.271062368156,108.141117898837,-3.12994446931845,8.43066074200322
"Occupation, education and books",FIN,97.5238011380815,98.6361748627425,1.11237372466104,6.75136644147613
"Occupation, education and books",FRA,129.383357008258,114.629816355344,-14.7535406529144,7.93863868722377
"Occupation, education and books",GBR,109.802741784445,123.123352493633,13.3206107091881,9.30197089713181
"Occupation, education and books",GRC,91.0772425289844,103.819810694658,12.7425681656737,8.29822710261722
"Occupation, education and books",HUN,139.701004937293,130.589132904564,-9.11187203272868,8.63922169691561
"Occupation, education and books",IRL,95.0964471387613,96.1660060148469,1.06955887608564,7.26078947031807
"Occupation, education and books",ISL,89.4979645820501,84.6968690160531,-4.801095565997,14.2859973603816
"Occupation, education and books",ISR,137.517118974378,125.610413224507,-11.9067057498712,12.7630277869402
"Occupation, education and books",ITA,104.775112683779,98.0002105716328,-6.77490211214632,9.04235155587198
"Occupation, education and books",JPN,115.659433138678,132.184088076049,16.5246549373713,11.9484131420181
"Occupation, education and books",KOR,108.043406744154,133.511251037904,25.4678442937498,15.3240845857583
"Occupation, education and books",LTU,108.258052620121,94.5702810812874,-13.6877715388333,8.4889789390608
"Occupation, education and books",LVA,93.370278004032,85.5708938052356,-7.79938419879642,8.0263143957728
"Occupation, education and books",MEX,69.4848579618804,65.6921380957007,-3.79271986617971,10.5676558738619
"Occupation, education and books",NLD,122.439734688454,138.685246212564,16.2455115241099,10.2253895055369
"Occupation, education and books",NOR,108.354182025576,104.917511643364,-3.43667038221201,9.12456759040523
"Occupation, education and books",NZL,119.608410940976,114.038387382992,-5.5700235579834,11.0771772866602
"Occupation, education and books",POL,111.498886984258,109.589040166828,-1.90984681742992,7.64222866441065
"Occupation, education and books",PRT,119.716055893433,112.514657913267,-7.20139798016544,8.01599653697753
"Occupation, education and books",SVK,152.561102745942,144.909848372077,-7.6512543738649,9.06145314215099
"Occupation, education and books",SVN,117.690743463759,104.171073095413,-13.5196703683458,7.82946842860758
"Occupation, education and books",SWE,110.16557233727,119.811788456732,9.64621611946114,8.46866476188136
"Occupation, education and books",TUR,120.79756174776,131.660747382767,10.8631856350066,7.48481529947577
"Occupation, education and books",USA,116.147450980792,110.615683430305,-5.53176755048668,17.4309134766171
