index,cnt,n_systems,Q1_2022,Q1_2025,Q1_change,Q1_se,Q2_2022,Q2_2025,Q2_change,Q2_se,Q3_2022,Q3_2025,Q3_change,Q3_se,Q4_2022,Q4_2025,Q4_change,Q4_se,Q2-Q1_2022,Q2-Q1_2025,Q2-Q1_change,Q2-Q1_se,Q3-Q1_2022,Q3-Q1_2025,Q3-Q1_change,Q3-Q1_se,Q4-Q1_2022,Q4-Q1_2025,Q4-Q1_change,Q4-Q1_se,Q3-Q2_2022,Q3-Q2_2025,Q3-Q2_change,Q3-Q2_se,Q4-Q2_2022,Q4-Q2_2025,Q4-Q2_change,Q4-Q2_se,Q4-Q3_2022,Q4-Q3_2025,Q4-Q3_change,Q4-Q3_se
homepos_anchor25,AUS,36,470.710767389844,478.265254727441,7.55448733759687,5.48512581967215,508.84498271561,513.452258691945,4.60727597633434,5.16911622847669,524.524583507004,525.281577098921,0.756993591917194,4.85610787521003,528.264751469098,527.010865604592,-1.25388586450561,4.96853492000731,38.1342153257663,35.1870039645038,-2.94721136126253,5.04058792037551,53.8138161171601,47.0163223714804,-6.79749374567967,5.07386005218956,57.5539840792539,48.7456108771514,-8.80837320210247,5.37627599712961,15.6796007913938,11.8293184069767,-3.85028238441714,4.89027627599619,19.4197687534876,13.5586069126476,-5.86116184083994,4.71795509232961,3.74016796209378,1.72928850567098,-2.0108794564228,4.49783093388483
homepos_anchor25,AUT,36,430.53905561199,446.339723069434,15.8006674574444,7.03338309787508,490.330500385821,496.062175883603,5.73167549778259,6.44887067127295,519.314958178815,519.557187152911,0.242228974095383,5.82449464061632,527.898921705529,527.560604537341,-0.338317168188155,5.78067371352795,59.7914447738312,49.7224528141694,-10.0689919596618,5.97682860678536,88.7759025668257,73.2174640834767,-15.5584384833491,6.67280879920592,97.3598660935394,81.2208814679068,-16.1389846256326,7.65465354113632,28.9844577929945,23.4950112693073,-5.48944652368721,6.03711698731552,37.5684213197082,31.4984286537375,-6.06999266597074,6.42033706742822,8.58396352671366,8.00341738443012,-0.580546142283538,5.95407705240552
homepos_anchor25,BEL,36,435.035987446834,441.646392951701,6.61040550486746,7.69738033895901,488.251861449586,485.831067518881,-2.42079393070543,6.05236115109084,514.698817385568,513.221585088826,-1.47723229674148,5.63438335358268,523.882733649392,523.746053813668,-0.136679835723157,5.90778003001398,53.215874002752,44.1846745671791,-9.03119943557289,6.98426535008347,79.6628299387337,71.5751921371248,-8.08763780160894,7.526673153111,88.8467462025576,82.099660861967,-6.74708534059062,7.96591947771913,26.4469559359818,27.3905175699457,0.943561633963952,5.60014392522875,35.6308721998057,37.9149862947879,2.28411409498227,5.95503174463941,9.1839162638239,10.5244687248422,1.34055246101832,5.33390923162019
homepos_anchor25,CAN,36,484.701372839908,480.148355053579,-4.55301778632918,4.92858661518881,516.603845948871,513.622071087923,-2.9817748609488,4.99523330208139,530.334678161016,529.967843656436,-0.366834504580993,4.68129705007592,532.18169525889,525.712201062104,-6.46949419678606,5.28382573447125,31.9024731089635,33.4737160343439,1.57124292538037,4.17150708437256,45.6333053211086,49.8194886028568,4.18618328174819,4.56674153575832,47.4803224189824,45.5638460085256,-1.91647641045688,5.48757649618357,13.7308322121451,16.3457725685129,2.61494035636781,4.16915046998742,15.5778493100189,12.0901299741817,-3.48771933583726,4.79842070358932,1.84701709787385,-4.25564259433122,-6.10265969220507,4.37925600386312
homepos_anchor25,CHE,36,454.700341589269,460.306863360823,5.60652177155441,6.24157882180922,494.731967387104,498.443019199209,3.71105181210487,5.92222776213685,519.787235094187,522.690312127297,2.90307703311021,6.14203406877678,541.075323314295,527.916059089548,-13.1592642247475,5.88494488132802,40.0316257978352,38.1361558383857,-1.89546995944954,6.26287905552289,65.0868935049182,62.383448766474,-2.7034447384442,6.63768484707385,86.3749817250262,67.6091957287243,-18.7657859963019,6.89719951331884,25.055267707083,24.2472929280884,-0.807974778994662,5.55422529609598,46.343355927191,29.4730398903386,-16.8703160368524,6.29940917212207,21.288088220108,5.22574696225024,-16.0623412578577,6.42281488031306
homepos_anchor25,CHL,36,410.621447991334,408.442180814664,-2.17926717667007,5.91144666049033,439.318099403938,436.80488551878,-2.51321388515834,5.98936657842967,456.373879867832,451.016145196368,-5.3577346714635,5.98179649104631,475.981757749079,481.540813079411,5.55905533033251,5.81830208898048,28.6966514126044,28.3627047041161,-0.33394670848827,5.56197063488379,45.7524318764981,42.5739643817047,-3.17846749479344,6.39443684063226,65.3603097577448,73.0986322647473,7.73832250700258,6.35091832204145,17.0557804638938,14.2112596775886,-2.84452078630517,5.53075692838811,36.6636583451404,44.7359275606312,8.07226921549085,5.72250642838958,19.6078778812466,30.5246678830426,10.916790001796,5.89931346725318
homepos_anchor25,COL,36,377.369833128747,377.86506647407,0.495233345323356,5.4897313484684,392.180633107506,399.219996619547,7.03936351204158,6.42984346357199,421.521379472794,428.076702990198,6.55532351740385,8.25551559123965,460.786898629694,459.459239519209,-1.32765911048551,8.42502681523568,14.8107999787587,21.3549301454769,6.54413016671822,6.0691574919565,44.1515463440472,50.2116365161277,6.06009017208049,8.35857292827607,83.4170655009474,81.5941730451385,-1.82289245580887,9.07728659450917,29.3407463652885,28.8567063706507,-0.484039994637726,6.37418815742495,68.6062655221887,60.2392428996616,-8.36702262252709,8.17581241808404,39.2655191569002,31.3825365290109,-7.88298262788936,7.60411853311953
homepos_anchor25,CZE,36,449.945210261868,445.218541733968,-4.72666852789951,6.55537268333432,494.871323538656,490.665578980792,-4.2057445578634,6.02229470760217,516.65600335125,506.83951228771,-9.81649106354052,5.82095753074311,528.243855371245,517.906521508359,-10.3373338628858,5.60506592542833,44.926113276788,45.4470372468242,0.520923970036108,5.71547662958558,66.7107930893825,61.6209705537415,-5.08982253564102,7.07526449083555,78.2986451093773,72.687979774391,-5.61066533498627,7.08476997236062,21.7846798125944,16.1739333069173,-5.61074650567713,5.87534286571765,33.3725318325892,27.2409425275669,-6.13158930502237,5.73885361540201,11.5878520199948,11.0670092206495,-0.520842799345246,5.29008801018164
homepos_anchor25,DEU,36,436.495905878575,422.975228539304,-13.5206773392713,8.52448403902754,494.081750855772,484.15168316587,-9.93006768990273,7.58118715627136,519.746412128254,520.873738513133,1.12732638487842,7.11623614979151,536.441838399355,538.473476418798,2.03163801944322,6.33034602625004,57.5858449771974,61.176454626566,3.59060964936856,6.95016997504143,83.2505062496793,97.8985099738291,14.6480037241497,7.80584217579535,99.9459325207799,115.498247879494,15.5523153587145,9.16678371734273,25.6646612724819,36.7220553472631,11.0573940747811,6.47141835853125,42.3600875435825,54.3217932529285,11.961705709346,7.80558538090925,16.6954262711006,17.5997379056654,0.904311634564806,7.00840297665119
homepos_anchor25,DNK,36,464.262651483932,439.979277032343,-24.2833744515891,6.90615253553436,495.274692166745,483.307204322365,-11.9674878443796,6.05100633572853,508.329294760339,499.353987697626,-8.97530706271306,6.08270144919109,509.219907651833,491.818718862526,-17.4011887893064,6.40592198304013,31.0120406828131,43.3279272900225,12.3158866072095,6.95915583299914,44.0666432764078,59.3747106652838,15.308067388876,7.28065521337229,44.9572561679013,51.839441830184,6.88218566228267,6.95203368930226,13.0546025935947,16.0467833752613,2.99218078166655,6.73609043024707,13.9452154850882,8.51151454016144,-5.43370094492678,6.91245755129979,0.890612891493504,-7.53526883509983,-8.42588172659333,7.28649486776895
homepos_anchor25,ESP,36,450.068671403066,445.276677138249,-4.79199426481637,5.360642482439,481.695250222227,475.361598383168,-6.33365183905892,4.4315389429827,500.21880984839,491.266389640447,-8.95242020794302,4.56862890065663,508.57276508955,506.091388084532,-2.48137700501786,4.49722290109217,31.6265788191615,30.084921244919,-1.54165757424255,4.5779284857905,50.1501384453246,45.9897125021979,-4.16042594312665,4.60966199321194,58.5040936864841,60.8147109462826,2.31061725979851,5.1453294589055,18.523559626163,15.9047912572789,-2.61876836888411,3.18294736147042,26.8775148673225,30.7297897013636,3.85227483404105,3.50946556110551,8.3539552411595,14.8249984440847,6.47104320292516,3.56115811096011
homepos_anchor25,EST,36,496.851380718077,502.502489380744,5.6511086626677,5.35919490082135,522.299148060706,524.963630837151,2.66448277644543,5.61602040148202,536.630940155173,538.244727351448,1.61378719627476,5.26742447487422,549.232743453073,545.729369480367,-3.50337397270539,5.85264573307627,25.4477673426293,22.4611414564071,-2.98662588622227,5.24227707416938,39.7795594370968,35.7422379707039,-4.03732146639294,5.37845121453745,52.381362734996,43.2268800996229,-9.15448263537309,6.15939484423622,14.3317920944675,13.2810965142968,-1.05069558017067,5.20892808665129,26.9335953923667,20.7657386432159,-6.16785674915082,5.28187302215155,12.6018032978992,7.48464212891906,-5.11716116898015,5.25691023063543
homepos_anchor25,FIN,36,482.045250474851,484.391340596196,2.34609012134558,5.6483915561989,513.755953115969,507.018579533542,-6.73737358242624,5.58239388055974,522.297830311736,517.664088097853,-4.6337422138829,5.64645619796894,528.551506490681,519.057199154288,-9.49430733639247,5.76662469963295,31.7107026411178,22.627238937346,-9.08346370377183,5.37874419870431,40.2525798368853,33.2727475016568,-6.97983233522848,4.99559420019489,46.5062560158298,34.6658585580917,-11.8403974577381,5.41161650941581,8.54187719576748,10.6455085643108,2.10363136854335,5.89181609930604,14.795553374712,12.0386196207458,-2.75693375396622,5.25997434798544,6.25367617894449,1.39311105643492,-4.86056512250957,5.67939372231261
homepos_anchor25,FRA,36,435.068897396249,435.660337912416,0.591440516166415,6.78680747418514,479.076531800772,478.149886535059,-0.926645265713148,6.47875801579491,506.002376995863,505.581966953711,-0.42041004215281,6.45810591352411,529.205689849677,523.057358126461,-6.14833172321562,6.05685306292394,44.0076344045224,42.4895486226428,-1.51808578187956,6.32973768802798,70.933479599614,69.9216290412948,-1.01185055831922,6.59846690393231,94.1367924534276,87.3970202140456,-6.73977223938204,7.34836373276527,26.9258451950917,27.432080418652,0.506235223560339,5.47698816005032,50.1291580489053,44.9074715914028,-5.22168645750247,5.77857021501021,23.2033128538136,17.4753911727508,-5.72792168106281,5.47943508484133
homepos_anchor25,GBR,36,468.050071997073,479.246936047346,11.196864050273,6.557694567844,492.452425935329,509.306364716221,16.8539387808915,6.1964231162118,515.888004166463,523.078311673917,7.19030750745412,6.22524711026412,534.333121447462,542.424534217815,8.09141277035269,6.19517071140609,24.4023539382559,30.0594286688744,5.65707473061849,7.16539279235454,47.8379321693896,43.8313756265707,-4.00655654281888,7.07415156758134,66.2830494503889,63.1775981704686,-3.10545127992032,7.95661451804201,23.4355782311337,13.7719469576963,-9.66363127343737,6.49345034007891,41.880695512133,33.1181695015941,-8.76252601053881,7.22701729225969,18.4451172809993,19.3462225438979,0.901105262898568,6.12755181541149
homepos_anchor25,GRC,36,411.27788761942,404.164035402463,-7.11385221695747,5.85720754966556,440.27417364917,436.388524825542,-3.88564882362834,6.39365467379438,455.714716684685,450.13517285081,-5.57954383387511,6.4061063048207,457.408610703969,451.476015352472,-5.9325953514965,6.70275175957262,28.9962860297497,32.2244894230788,3.22820339332912,5.94496081985333,44.4368290652651,45.9711374483475,1.53430838308236,6.31961726864013,46.1307230845486,47.3119799500095,1.18125686546097,6.66533260764445,15.4405430355154,13.7466480252687,-1.69389501024676,6.12071812783754,17.1344370547989,15.0874905269307,-2.04694652786816,6.37802279498342,1.69389401928345,1.34084250166205,-0.353051517621395,5.9100803362694
homepos_anchor25,HUN,36,430.877051385202,427.809272950795,-3.06777843440653,7.04447179078067,481.670351762868,479.081492241227,-2.58885952164093,6.02393176551512,506.928765411544,498.073270375929,-8.85549503561441,5.85644030496806,526.029841982431,517.578413240801,-8.45142874162957,5.97072330890106,50.7933003776664,51.272219290432,0.478918912765607,6.51791309023825,76.0517140263422,70.2639974251343,-5.78771660120788,7.55564623133741,95.1527905972295,89.7691402900064,-5.38365030722304,7.67420526115303,25.2584136486759,18.9917781347024,-6.26663551397348,5.58176956371671,44.3594902195631,38.4969209995745,-5.86256921998864,6.13656830134736,19.1010765708872,19.5051428648721,0.40406629398484,4.87902135639439
homepos_anchor25,IRL,36,473.360110439333,465.135377368674,-8.22473307065872,6.63725799243715,500.762411139007,499.896167201347,-0.866243937659874,5.22209612659619,518.878973499313,515.330398406695,-3.54857509261774,5.99395866875696,525.14294096093,520.63477088447,-4.50817007645935,5.23118817124056,27.4023006996746,34.7607898326735,7.35848913299884,6.52603492088172,45.5188630599799,50.1950210380209,4.67615797804098,6.30164619084461,51.7828305215972,55.4993935157966,3.71656299419936,6.72684774467384,18.1165623603052,15.4342312053474,-2.68233115495787,6.14105209707637,24.3805298219226,20.7386036831231,-3.64192613879948,5.39541499823089,6.26396746161731,5.3043724777757,-0.959594983841612,5.66583007183106
homepos_anchor25,ISL,36,423.259028132406,414.319943281176,-8.9390848512295,6.03283680444664,452.998420234021,445.46674209547,-7.53167813855094,5.93553791135822,451.942751641538,458.12871542653,6.18596378499183,5.56714494328676,460.350973094678,455.892403159855,-4.45856993482232,6.14637245095742,29.7393921016153,31.1467988142939,1.40740671267855,7.76769795636094,28.6837235091323,43.8087721453537,15.1250486362213,6.91872892832158,37.0919449622722,41.5724598786794,4.48051491640717,7.31337502062024,-1.05566859248296,12.6619733310598,13.7176419235428,7.12488200698245,7.35255286065694,10.4256610643856,3.07310820372862,6.78184776523362,8.4082214531399,-2.23631226667425,-10.6445337198141,7.1668067904607
homepos_anchor25,ISR,36,413.271294003411,407.714217601019,-5.55707640239228,6.94152020044765,469.086689772886,449.907898722924,-19.1787910499619,7.04907993463664,490.972021259895,464.682965532943,-26.289055726952,6.76949765616377,493.537668932275,473.198138345948,-20.3395305863267,7.49933096732491,55.8153957694747,42.1936811219051,-13.6217146475696,6.49063304304411,77.7007272564839,56.9687479319241,-20.7319793245597,6.71170629530098,80.2663749288642,65.4839207449298,-14.7824541839344,7.31798406132394,21.8853314870092,14.775066810019,-7.11026467699014,7.01363117813136,24.4509791593895,23.2902396230247,-1.16073953636482,7.58367867061659,2.56564767238035,8.51517281300568,5.94952514062533,7.19661916495237
homepos_anchor25,ITA,36,439.460146696623,439.963407820833,0.503261124209928,6.07238826268718,471.610952002378,478.955950076141,7.3449980737629,5.78706466441185,492.444606165033,504.357798135513,11.9131919704799,6.10798369918377,508.326235636027,510.746896785663,2.42066114963626,6.33424034223777,32.1508053057552,38.9925422553082,6.84173694955297,5.02557787731789,52.98445946841,64.39439031468,11.40993084627,6.01544875071783,68.8660889394037,70.78348896483,1.91740002542633,6.53896744420107,20.8336541626548,25.4018480593718,4.56819389671699,5.14188450211364,36.7152836336485,31.7909467095219,-4.92433692412664,5.20871301748174,15.8816294709937,6.38909865015006,-9.49253082084363,5.13038315445558
homepos_anchor25,JPN,36,519.357926045858,509.417775865527,-9.94015018033173,8.01127926555258,550.362886722774,543.586445453912,-6.77644126886185,6.365872905983,558.415258146139,549.164417560176,-9.25084058596292,6.27377064191339,559.915619415873,555.461586708255,-4.4540327076179,6.82338297081635,31.0049606769157,34.1686695883856,3.16370891146988,7.23755692147558,39.0573321002802,39.746641694649,0.689309594368808,7.0254588458573,40.5576933700147,46.0438108427285,5.48611747271383,7.96693926764561,8.05237142336443,5.57797210626336,-2.47439931710107,5.80086311640302,9.55273269309896,11.8751412543429,2.32240856124395,6.10410296585325,1.50036126973453,6.29716914807955,4.79680787834502,5.38533589719679
homepos_anchor25,KOR,36,490.630736642733,492.344996631557,1.71425998882381,8.04252512419354,521.534283477353,526.283030324809,4.74874684745566,7.73808069870447,542.450931554713,539.790930461667,-2.66000109304571,6.75083332312964,558.457643995156,551.17136865164,-7.28627534351597,7.47378645205945,30.9035468346197,33.9380336932515,3.03448685863185,7.04120513869007,51.8201949119796,47.4459338301101,-4.37426108186952,7.74882107524757,67.8269073524225,58.8263720200827,-9.00053533233978,9.23522082854353,20.9166480773599,13.5079001368586,-7.40874794050137,7.70265853194176,36.9233605178029,24.8883383268312,-12.0350221909716,7.33429817319999,16.0067124404429,11.3804381899727,-4.62627425047026,8.06899053158452
homepos_anchor25,LTU,36,452.669367388954,458.067223104223,5.39785571526903,5.41576164036844,484.240631775646,488.038925790018,3.79829401437149,4.98623805433624,496.986390019471,498.993521129716,2.00713111024572,5.09505202210817,507.637364546063,507.790438192212,0.153073646148641,5.56760480723216,31.5712643866921,29.9717026857946,-1.59956170089754,4.95271762246935,44.3170226305163,40.926298025493,-3.39072460502331,5.26359685751824,54.9679971571088,49.7232150879884,-5.24478206912039,5.49745240546283,12.7457582438242,10.9545953396984,-1.79116290412577,4.65845914880539,23.3967327704167,19.7515124021938,-3.64522036822285,5.1845026731588,10.6509745265925,8.79691706249542,-1.85405746409708,5.1336143480841
homepos_anchor25,LVA,36,468.713995578808,438.182084390489,-30.5319111883189,5.87844218764883,493.206902407369,471.847504402825,-21.3593980045449,5.3547565666952,502.364177093241,483.044897539682,-19.3192795535593,5.52709788930745,513.205861216448,485.192283608873,-28.0135776075744,5.27326759855829,24.4929068285612,33.6654200123352,9.17251318377396,5.49430722944474,33.6501815144329,44.8628131491925,11.2126316347596,5.40989159093733,44.4918656376395,47.010199218384,2.51833358074447,5.57494134567499,9.1572746858717,11.1973931368573,2.04011845098563,5.42301479877832,19.9989588090783,13.3447792060488,-6.65417960302949,5.31325192929188,10.8416841232066,2.14738606919144,-8.69429805401512,5.72773803365107
homepos_anchor25,MEX,36,378.81815785927,386.508534194922,7.69037633565176,4.97256150449334,401.762364946342,407.63277068896,5.870405742618,5.1502875116517,419.594486312194,422.751420997252,3.15693468505833,5.70146233994015,439.718797510325,438.295069202814,-1.42372830751066,6.52246591194631,22.9442070870714,21.1242364940377,-1.81997059303376,4.69915676956636,40.7763284529231,36.2428868023297,-4.53344165059343,5.31365891760997,60.9006396510541,51.7865350078917,-9.11410464316242,6.90231009130865,17.8321213658517,15.118650308292,-2.71347105755967,4.84901106295638,37.9564325639827,30.662298513854,-7.29413405012866,6.14175902333853,20.124311198131,15.543648205562,-4.58066299256899,5.73975583983865
homepos_anchor25,NLD,36,435.295281588069,442.304200624948,7.00891903687932,8.90181476311571,493.173020750524,490.703006809644,-2.47001394088034,7.63326826705056,514.944613647472,507.920133617366,-7.02448003010653,6.40333329236168,518.59338603823,505.195825201667,-13.3975608365635,7.28682412495595,57.8777391624553,48.3988061846957,-9.47893297775965,7.4676116926827,79.6493320594032,65.6159329924174,-14.0333990669859,8.7662875290235,83.2981044501613,62.8916245767184,-20.4064798734428,9.98536367808965,21.7715928969479,17.2171268077217,-4.5544660892262,7.24657302628606,25.4203652877059,14.4928183920227,-10.9275468956832,8.06098528853262,3.64877239075804,-2.72430841569894,-6.37308080645698,7.19471312636556
homepos_anchor25,NOR,36,445.619766175684,441.12091084439,-4.49885533129424,6.2243707230734,481.937186403797,476.828754596695,-5.10843180710236,5.87220133687796,497.645574325197,489.417951597712,-8.2276227274852,5.88147844615937,495.163769795615,484.945314853995,-10.2184549416205,5.9425084401363,36.3174202281134,35.7078437523052,-0.609576475808126,6.62665181118127,52.0258081495132,48.2970407533223,-3.72876739619096,6.57673840887539,49.5440036199315,43.8244040096053,-5.71959961032621,6.95326535218083,15.7083879213999,12.5891970010171,-3.11919092038283,6.32295175003587,13.2265833918182,8.11656025730008,-5.11002313451809,6.17406627425907,-2.48180452958172,-4.47263674371698,-1.99083221413525,6.47306285051936
homepos_anchor25,NZL,36,457.077819860609,468.671731666854,11.5939118062449,6.6059182575367,509.459931302677,510.748751895472,1.28882059279567,6.13695040756396,524.677855076131,530.724827651043,6.04697257491193,6.11461486192151,530.702416647571,539.97968890345,9.27727225587932,5.96892644008289,52.3821114420676,42.0770202286184,-10.3050912134493,7.03778808017387,67.6000352155224,62.0530959841894,-5.546939231333,6.99334680675225,73.6245967869618,71.3079572365962,-2.31663955036561,7.58929647699395,15.2179237734548,19.9760757555711,4.75815198211626,6.81287123902955,21.2424853448941,29.2309370079778,7.98845166308365,6.75100055275803,6.02456157143934,9.25486125240673,3.23029968096739,7.58636279324466
homepos_anchor25,POL,36,467.433649175748,468.463764269882,1.03011509413341,6.16099752364293,495.464626283072,493.211666030145,-2.25296025292653,5.87387773674693,517.35981855437,508.016260676367,-9.34355787800337,5.6505046531242,517.863765312306,517.407288262962,-0.456477049343675,6.26769225129172,28.0309771073234,24.7479017602635,-3.28307534705994,6.15305870400145,49.9261693786218,39.552496406485,-10.3736729721368,5.69483965926071,50.4301161365573,48.9435239930803,-1.48659214347708,6.57338870755573,21.8951922712984,14.8045946462216,-7.09059762507684,5.47967749586805,22.3991390292339,24.1956222328168,1.79648320358285,6.17008178829869,0.503946757935523,9.39102758659521,8.88708082865969,5.54402570889761
homepos_anchor25,PRT,36,445.24584134444,444.607055348381,-0.6387859960588,6.82602172318117,478.105723389026,474.026710291984,-4.07901309704283,6.60412920560231,499.052567023538,497.083839831483,-1.96872719205498,6.73495365181298,516.515201730836,514.389061188759,-2.1261405420762,6.15181410735482,32.8598820445861,29.4196549436021,-3.44022710098403,5.82683973705398,53.806725679098,52.4767844831018,-1.32994119599618,6.55427362867897,71.2693603863952,69.7820058403778,-1.4873545460174,7.26734939965721,20.9468436345118,23.0571295394997,2.11028590498785,5.67350257610007,38.4094783418091,40.3623508967757,1.95287255496663,6.62323934854108,17.4626347072972,17.305221357276,-0.157413350021216,5.66793591989949
homepos_anchor25,SVK,36,391.858728289102,419.225031767603,27.3663034785012,8.31232558069569,465.218201036053,475.792239207035,10.5740381709823,6.16697270362545,489.750508999882,496.230368090214,6.47985909033173,6.07719210821189,502.213576800456,512.024393100352,9.81081629989581,6.52554940510579,73.3594727469504,56.5672074394315,-16.792265307519,7.28629150382862,97.8917807107799,77.0053363226104,-20.8864443881695,8.47697087108373,110.354848511354,92.7993613327488,-17.5554871786054,9.78386510197713,24.5323079638295,20.4381288831789,-4.09417908065052,5.7302264244584,36.9953757644038,36.2321538933173,-0.763221871086444,6.46772527530222,12.4630678005743,15.7940250101384,3.33095720956408,6.63892155310648
homepos_anchor25,SVN,36,467.46620798384,449.13206452444,-18.3341434593998,5.44068208980544,502.144352426084,489.060729730561,-13.0836226955228,5.5966574725772,516.641009539118,504.160834165651,-12.4801753734662,5.2502948991976,514.911132390599,500.480121050879,-14.43101133972,5.11262434750739,34.6781444422441,39.928665206121,5.25052076387698,6.38589829263119,49.1748015552781,55.0287696412117,5.85396808593356,6.44052320567921,47.4449244067598,51.3480565264396,3.90313211967981,5.96308237696661,14.4966571130341,15.1001044350907,0.603447322056582,6.38791881226926,12.7667799645158,11.4193913203186,-1.34738864419717,6.61079915665159,-1.72987714851831,-3.68071311477206,-1.95083596625375,6.26096546370459
homepos_anchor25,SWE,36,442.748879702121,443.226461261116,0.477581558994814,6.49356901413768,493.795712584973,490.44140227566,-3.35431030931358,6.46679081676668,516.689232242697,509.478238784077,-7.2109934586195,6.23341507790586,523.905934882474,507.819746279937,-16.0861886025374,6.39501525934219,51.0468328828519,47.2149410145435,-3.83189186830839,6.34420937279588,73.9403525405754,66.2517775229611,-7.68857501761431,6.88780841233372,81.1570551803526,64.5932850188203,-16.5637701615323,7.39260964163702,22.8935196577235,19.0368365084176,-3.85668314930592,6.67697311386533,30.1102222975007,17.3783440042768,-12.7318782932239,6.74413091322796,7.21670263977717,-1.65849250414078,-8.87519514391795,6.28249782818234
homepos_anchor25,TUR,36,438.084377835394,453.606123194996,15.5217453596014,5.81592868276917,470.518208620335,487.440325605627,16.9221169852924,5.56781600344334,489.818548262709,512.76505455971,22.9465062970012,5.13242101840186,505.733322250712,524.517069201106,18.7837469503946,6.78958098324374,32.4338307849405,33.8342024106315,1.40037162569098,5.76482135730971,51.7341704273146,59.1589313647144,7.42476093739981,5.5521931736545,67.6489444153172,70.9109460061104,3.26200159079315,8.01452955122728,19.3003396423741,25.3247289540829,6.02438931170883,4.61720113461937,35.2151136303767,37.0767435954788,1.86162996510217,7.37486249005585,15.9147739880026,11.7520146413959,-4.16275934660666,6.72923325929191
homepos_anchor25,USA,36,455.195135857437,453.484845861347,-1.71028999608956,8.5351532738884,484.410695610315,492.119641962679,7.7089463523634,11.4548167075581,522.559287486244,522.654362487746,0.0950750015025505,13.0743637548792,537.289141341459,536.551391035152,-0.737750306306907,14.8246554916805,29.2155597528786,38.6347961013316,9.41923634845296,11.7186020073095,67.364151628807,69.1695166263991,1.80536499759211,12.8055850894995,82.0940054840219,83.0665451738045,0.97253968978265,15.6923342385649,38.1485918759284,30.5347205250675,-7.61387135086085,10.9234936098528,52.8784457311433,44.4317490724729,-8.44669665867031,12.7007743957156,14.7298538552149,13.8970285474054,-0.832825307809458,13.5494279706306
homepos_anchor25,OECD,36,447.060784311558,446.548158966886,-0.512625344671335,3.26355717016092,484.59740812198,483.439407811743,-1.15800031023747,3.24588961718684,503.837702675828,501.544984872364,-2.29271780346454,3.24649365323559,514.624908742036,510.229213493619,-4.3956952484167,3.26222021067861,37.5366238104223,36.8912488448562,-0.645374965566134,1.07046462049942,56.7769183642703,54.9968259054771,-1.78009245879321,1.14387106342848,67.5641244304779,63.6810545267325,-3.88306990374537,1.27266278025709,19.240294553848,18.1055770606209,-1.13471749322707,1.01584862610247,30.0275006200556,26.7898056818763,-3.23769493817923,1.09561475281174,10.7872060662075,8.68422862125539,-2.10297744495216,1.06854102967277
homepos_anchor25,OECD35,35,446.974844680372,446.584487019133,-0.390357661238625,3.26953095110839,484.680326919116,483.670202366845,-1.01012455227124,3.25201289803234,503.941099613755,501.838659021847,-2.10244059190813,3.25249590420583,514.797827132106,510.347437076736,-4.45039005537075,3.26918191691177,37.7054822387441,37.0857153477115,-0.619766891032612,1.09325271930472,56.9662549333831,55.2541720027136,-1.71208293066951,1.16915827560809,67.8229824517347,63.7629500576026,-4.06003239413212,1.30074346730504,19.260772694639,18.1684566550021,-1.0923160396369,1.04090777213834,30.1175002129906,26.6772347098911,-3.44026550309951,1.12244825607985,10.8567275183516,8.50877805488898,-2.34794946346261,1.09435096594068
escs_anchor25,AUS,36,460.207356500322,465.028853537627,4.82149703730534,5.12593168149049,493.520444768023,501.688042801462,8.16759803343871,4.95722487144866,530.537049252814,534.250485343526,3.71343609071175,5.16004986964901,551.119973377928,552.973182017677,1.85320863974857,5.09726131253129,33.3130882677014,36.6591892638348,3.34610099613337,4.7358497783971,70.329692752492,69.2216318058984,-1.10806094659358,4.9946750092883,90.9126168776064,87.9443284800496,-2.96828839755676,5.6715352158003,37.0166044847906,32.5624425420637,-4.45416194272696,4.42982450205001,57.599528609905,51.2851392162148,-6.31438939369014,4.93422946626336,20.5829241251143,18.7226966741512,-1.86022745096318,4.37682933150605
escs_anchor25,AUT,36,433.720626472439,446.524004790417,12.8033783179787,6.32315081118736,479.277883761453,490.783457471659,11.5055737102062,6.42802711771435,515.25272580128,520.032523627141,4.77979782586044,5.69704953572478,548.120637365143,549.813305687353,1.69266832220967,5.59345161377651,45.5572572890142,44.2594526812416,-1.29780460777255,6.54382528148249,81.5320993288415,73.5085188367232,-8.0235804921183,5.62812197601513,114.400010892704,103.289300896935,-11.1107099957691,6.33133944999733,35.9748420398273,29.2490661554816,-6.72577588434575,6.0040334603691,68.8427536036902,59.0298482156937,-9.81290538799652,6.02745379193068,32.8679115638629,29.7807820602121,-3.08712950365077,5.08984930031274
escs_anchor25,BEL,36,435.353208360249,447.782195491577,12.4289871313276,6.41143865884555,474.105198695639,480.645044521332,6.53984582569376,5.85603812845362,515.119442758363,521.519226372608,6.39978361424505,6.63194356232834,544.880963847904,549.460116950706,4.57915310280191,5.58181125166183,38.7519903353895,32.8628490297556,-5.88914130563387,5.99232871391949,79.7662343981143,73.7370308810317,-6.02920351708258,6.9258478178079,109.527755487655,101.677921459129,-7.84983402852572,6.8965396412097,41.0142440627248,40.8741818512761,-0.140062211448708,6.23318339123106,70.7757651522651,68.8150724293733,-1.96069272289185,6.02829570299504,29.7615210895403,27.9408905780972,-1.82063051144314,6.19636012846871
escs_anchor25,CAN,36,481.554252033774,477.563419451373,-3.99083258240108,4.73300059993502,505.184078679432,508.75878079513,3.57470211569733,4.64375786211087,531.514677272353,536.886163831662,5.37148655930923,4.60080061510333,548.945672342797,546.020369884539,-2.92530245825844,5.47389131429292,23.6298266456581,31.1953613437565,7.56553469809842,3.96742950205619,49.9604252385785,59.3227443802888,9.36231914171032,4.38599075511133,67.3914203090229,68.4569504331655,1.06553012414264,5.24291262787515,26.3305985929204,28.1273830365323,1.7967844436119,3.63982409200004,43.7615936633648,37.261589089409,-6.50000457395578,4.55777534629455,17.4309950704444,9.13420605287672,-8.29678901756768,4.5065461723988
escs_anchor25,CHE,36,451.546057848424,455.197937648366,3.65187979994198,6.03806377992613,486.06104500818,491.791274412935,5.73022940475551,6.15918551942328,522.754499976347,526.921831156215,4.16733117986814,6.30839715403178,558.944179335859,559.124902448364,0.180723112505916,5.60963362101026,34.5149871597561,36.5933367645696,2.07834960481352,6.32885039352107,71.2084421279226,71.7238935078488,0.515451379926162,6.50041395035482,107.398121487435,103.926964799999,-3.47115668743606,6.79684874332467,36.6934549681665,35.1305567432792,-1.56289822488736,5.65561541093016,72.8831343276786,67.333628035429,-5.54950629224959,6.49339798661562,36.1896793595121,32.2030712921498,-3.98660806736223,6.40719597888155
escs_anchor25,CHL,36,412.394487869726,412.304351692584,-0.0901361771419147,6.44271638530897,435.199431349534,433.921017805969,-1.27841354356423,5.54222849380871,449.865031024666,448.617296951112,-1.24773407355457,6.28327595117776,486.998514966598,493.779626323891,6.78111135729347,6.23666123653806,22.8049434798073,21.616666113385,-1.18827736642231,6.21427308099214,37.47054315494,36.3129452585273,-1.15759789641265,6.64972059530518,74.6040270968716,81.475274631307,6.87124753443538,7.42569113453412,14.6655996751327,14.6962791451423,0.0306794700096589,6.29934214405365,51.7990836170643,59.858608517922,8.0595249008577,6.51647502617465,37.1334839419316,45.1623293727797,8.02884543084804,6.24264859324382
escs_anchor25,COL,36,377.905064957048,376.5775896654,-1.32747529164789,5.43617250837941,397.007856192987,405.314057344184,8.30620115119649,6.46130817350114,416.707202576831,424.592399224295,7.8851966474648,7.2438517748568,460.852099929535,470.656018738573,9.80391880903824,10.1141786242639,19.1027912359392,28.7364676787836,9.63367644284438,6.27794522918512,38.8021376197823,48.014809558895,9.21267193911268,6.94846564140595,82.947034972487,94.0784290731731,11.1313941006861,10.6444941494296,19.6993463838431,19.2783418801114,-0.421004503731695,5.84630222113049,63.8442437365478,65.3419613943895,1.49771765784175,9.50901953014415,44.1448973527047,46.0636195142781,1.91872216157344,9.42161222681218
escs_anchor25,CZE,36,443.287695306041,443.261998880623,-0.0256964254176637,5.90532553712075,488.413855564652,481.528187501345,-6.88566806330749,5.64362523291676,510.166262818926,504.873523726272,-5.29273909265402,5.95232685851804,550.600657836643,544.452799005623,-6.14785883101956,6.35474127508116,45.1261602586114,38.2661886207216,-6.85997163788983,5.17616143892474,66.8785675128858,61.6115248456494,-5.26704266723635,5.83051939829488,107.312962530602,101.190800125,-6.1221624056019,7.63501727158816,21.7524072542743,23.3453362249278,1.59292897065347,5.08092916802245,62.1868022719907,62.9246115042786,0.73780923228793,6.23730616183262,40.4343950177164,39.5792752793508,-0.855119738365545,6.60120457420625
escs_anchor25,DEU,36,446.343080104052,436.453184932776,-9.88989517127578,6.52937396366881,483.943506703008,484.107173539334,0.163666836325149,7.88957936091302,509.569183048662,514.849957995876,5.28077494721396,7.64058215399848,555.937144409244,563.025911006729,7.08876659748455,7.10048074843256,37.6004265989566,47.6539886065575,10.0535620076009,7.75411500827002,63.2261029446101,78.3967730630998,15.1706701184897,7.34373930205077,109.594064305192,126.572726073953,16.9786617687603,8.13373376921899,25.6256763456535,30.7427844565423,5.11710811088881,6.88151994689332,71.9936377062356,78.918737467395,6.9250997611594,7.95634750603176,46.3679613605821,48.1759530108527,1.80799165027059,7.43086929232593
escs_anchor25,DNK,36,453.973925074916,441.955860616836,-12.0180644580798,5.66184960915516,490.627154179917,473.099638381937,-17.5275157979802,6.47663331093478,512.017855587957,505.019648919967,-6.99820666799064,6.05441215571624,523.193546190847,516.471066785605,-6.72247940524278,6.26754186066851,36.653229105001,31.1437777651006,-5.50945133990041,5.92309362313869,58.0439305130415,63.0637883031307,5.01985779008913,5.7948642525561,69.2196211159313,74.5152061687683,5.295585052837,6.9953486671035,21.3907014080405,31.9200105380301,10.5293091299895,6.54546110592262,32.5663920109303,43.3714284036677,10.8050363927374,6.90511626864018,11.1756906028897,11.4514178656376,0.275727262747864,6.55347143432391
escs_anchor25,ESP,36,450.047769873232,441.315806166827,-8.73196370640511,4.6018218030043,474.254022146504,467.98931023499,-6.2647119115137,4.79433954837601,496.000400681238,496.677284624436,0.676883943197993,4.62195199174713,522.069657735781,518.457409180896,-3.6122485548857,4.41762149223205,24.2062522732717,26.6735040681631,2.46725179489141,3.95453246346761,45.952630808006,55.3614784576091,9.4088476496031,3.99126437328723,72.0218878625494,77.1416030140688,5.11971515151942,4.14391237943983,21.7463785347343,28.687974389446,6.94159585471169,3.27366489811727,47.8156355892776,50.4680989459056,2.652463356628,4.17441821172215,26.0692570545434,21.7801245564597,-4.28913249808369,3.66520815153345
escs_anchor25,EST,36,494.626723718187,489.621059563466,-5.00566415472105,5.36401517879392,512.273342160079,514.985598748814,2.71225658873573,5.43958347516544,535.548828963584,546.295477185347,10.7466482217628,5.71891404471631,563.222633751918,563.911258588071,0.688624836152599,5.76066001509587,17.6466184418919,25.3645391853487,7.71792074345677,5.29375824173424,40.9221052453973,56.6744176218812,15.7523123764839,5.72266603932158,68.5959100337319,74.2901990246055,5.69428899087365,5.99666019127471,23.2754868035054,31.3098784365325,8.0343916330271,5.24959342225751,50.9492915918399,48.9256598392568,-2.02363175258313,5.66967301536328,27.6738047883346,17.6157814027243,-10.0580233856102,5.29807056971051
escs_anchor25,FIN,36,474.170406029175,467.821609895159,-6.34879613401506,5.52513155735499,497.151028902672,495.011964388412,-2.13906451426016,5.54747219556769,527.904773478956,529.674197126178,1.76942364722152,5.64464818655392,552.642856333897,551.305983537044,-1.33687279685375,5.76741261867963,22.9806228734979,27.1903544932528,4.20973161975491,5.45519585472967,53.7343674497815,61.8525872310181,8.11821978123658,5.32218582589064,78.4724503047228,83.4843736418841,5.01192333716131,5.84920899966045,30.7537445762836,34.6622327377653,3.90848816148167,5.21546582089752,55.4918274312249,56.2940191486313,0.802191717406402,5.56325560152492,24.7380828549412,21.631786410866,-3.10629644407527,5.53558629421924
escs_anchor25,FRA,36,434.236274956269,441.543283173974,7.30700821770478,6.13915115328694,472.172624053572,474.867213429095,2.69458937552258,6.87343577926466,505.034007311973,509.713206155791,4.67919884381797,7.0511729288887,544.47473308565,543.292386991566,-1.18234609408376,6.12035508012361,37.9363490973032,33.323930255121,-4.61241884218219,7.14163678933156,70.7977323557045,68.1699229818177,-2.62780937388681,7.01879252371133,110.238458129381,101.749103817592,-8.48935431178853,6.92419088863251,32.8613832584014,34.8459927266968,1.98460946829539,6.56666752334203,72.3021090320779,68.4251735624715,-3.87693546960634,6.5358451821358,39.4407257736765,33.5791808357748,-5.86154493790173,6.22546270295639
escs_anchor25,GBR,36,468.879753640041,477.549135542428,8.66938190238739,5.97595103546096,489.649825135463,507.29224191887,17.6424167834069,5.76029690148598,515.90850163693,529.591044375852,13.6825427389211,5.96267479654506,547.38777203642,561.092521146603,13.7047491101825,7.1277398773081,20.770071495422,29.7431063764416,8.97303488101954,6.2572023220642,47.0287479968896,52.0419088334234,5.01316083653376,6.730144138988,78.5080183963792,83.5433856041743,5.03536720779516,8.12641600499295,26.2586765014676,22.2988024569818,-3.95987404448579,6.04654076591029,57.7379469009571,53.8002792277328,-3.93766767322438,7.45383750605627,31.4792703994896,31.501476770751,0.0222063712614045,6.72177909269007
escs_anchor25,GRC,36,408.884916801313,398.707003811123,-10.1779129901901,6.36641113992505,426.753682783999,423.074167096347,-3.67951568765199,5.9386451459108,449.998739974856,454.672259365627,4.67351939077116,6.2512377866074,480.491190946798,477.216461881058,-3.27472906574025,6.54370654420682,17.8687659826867,24.3671632852248,6.49839730253808,6.25473858549013,41.1138231735429,55.9652555545042,14.8514323809612,6.32034934587416,71.6062741454855,78.5094580699354,6.90318392444982,7.34795539145636,23.2450571908562,31.5980922692793,8.35303507842315,5.06155641756275,53.7375081627988,54.1422947847106,0.40478662191174,5.56511488278664,30.4924509719426,22.5442025154312,-7.94824845651141,5.73448471276414
escs_anchor25,HUN,36,429.805767459966,429.544891153044,-0.260876306921659,6.57999859240359,465.736581916102,468.115603134629,2.37902121852687,5.87671884612654,506.348821132191,499.290979361812,-7.05784177037896,6.26966916015732,545.165705534968,535.209066321673,-9.95663921329503,6.94083730267054,35.9308144561364,38.570711981585,2.63989752544853,6.25661548816107,76.543053672225,69.7460882087677,-6.7969654634573,7.11054940212035,115.359938075002,105.664175168629,-9.69576290637337,8.40171543691078,40.6122392160886,31.1753762271828,-9.43686298890583,6.10678535260653,79.4291236188656,67.0934631870437,-12.3356604318219,7.2461927928526,38.816884402777,35.9180869598609,-2.89879744291608,6.16273801013655
escs_anchor25,IRL,36,470.958487080364,463.874572003419,-7.08391507694563,5.62212687722493,492.523827038652,487.470043870321,-5.05378316833117,5.77964057086197,517.362563787958,518.387604024854,1.02504023689596,5.24997789996126,538.367927989515,538.706065491359,0.338137501844358,5.36292036746959,21.5653399582881,23.5954718669025,2.03013190861446,5.34485386525835,46.4040767075932,54.5130320214348,8.10895531384159,5.56169000887013,67.4094409091507,74.8314934879406,7.42205257878999,5.76933994763236,24.8387367493052,30.9175601545323,6.07882340522713,5.330637880953,45.8441009508626,51.2360216210381,5.39192067017552,5.45401461770863,21.0053642015574,20.3184614665058,-0.686902735051604,4.96461707752706
escs_anchor25,ISL,36,407.482423188279,414.833709304087,7.3512861158078,5.80491355139732,442.370228533493,443.529343532787,1.15911499929371,6.11655455839692,467.101903908917,466.109397135772,-0.992506773144726,5.75153711437899,474.279748294432,484.239758526244,9.96001023181179,5.92242751888504,34.8878053452142,28.6956342287001,-6.19217111651409,7.11218327564636,59.6194807206381,51.2756878316856,-8.34379288895252,7.00554362993823,66.7973251061533,69.4060492221573,2.608724116004,7.35743495581541,24.7316753754239,22.5800536029855,-2.15162177243843,7.53233113258255,31.9095197609391,40.7104149934572,8.80089523251809,7.13919043430833,7.17784438551524,18.1303613904718,10.9525170049565,6.68528702277144
escs_anchor25,ISR,36,407.771477947194,413.982547040666,6.21106909347145,6.58584700900662,454.28955019744,444.203506008672,-10.0860441887678,6.50929358272261,495.36438374392,480.892696402887,-14.4716873410325,7.52228869180963,513.762843770177,501.049516596409,-12.7133271737672,7.335703125114,46.5180722502454,30.2209589680062,-16.2971132822393,6.5385297853199,87.5929057967256,66.9101493622216,-20.682756434504,7.48775088518757,105.991365822982,87.0669695557436,-18.9243962672387,7.64234613943165,41.0748335464801,36.6891903942154,-4.38564315226472,6.62019963511559,59.4732935727368,56.8460105877374,-2.6272829849994,7.24293726476931,18.3984600262567,20.156820193522,1.75836016726532,7.22115733732072
escs_anchor25,ITA,36,440.144617852037,444.090389597681,3.94577174564381,5.95751550609575,469.422517126316,475.052390347407,5.62987322109143,5.81717151308231,486.424208181399,496.70542981577,10.2812216343703,6.48216510567224,517.358873945132,525.716747718057,8.35787377292513,6.87794683996779,29.2778992742785,30.9620007497261,1.68410147544762,5.34511186182675,46.2795903293619,52.6150402180884,6.33544988872649,6.48084539611963,77.214256093094,81.6263581203754,4.41210202728132,7.18395491213311,17.0016910550834,21.6530394683622,4.65134841327887,5.8225752695335,47.9363568188155,50.6643573706492,2.7280005518337,6.65132184449554,30.9346657637321,29.011317902287,-1.92334786144517,5.83221039270134
escs_anchor25,JPN,36,515.020116432629,501.202699700736,-13.8174167318929,7.65222797000011,540.853796524965,530.938822579511,-9.91497394545445,6.53150064103031,560.52018408442,555.234410334052,-5.28577375036855,6.50879699368928,572.531505819552,576.722040068249,4.19053424869696,7.24835255791,25.8336800923363,29.7361228787747,3.90244278643843,6.40421126045563,45.5000676517912,54.0317106333155,8.53164298152433,7.7319154140794,57.5113893869233,75.5193403675131,18.0079509805898,8.80827670667202,19.6663875594548,24.2955877545408,4.6292001950859,5.73090476583984,31.677709294587,45.7832174887384,14.1055081941514,7.0678236690819,12.0113217351321,21.4876297341976,9.47630799906551,5.76211516542927
escs_anchor25,KOR,36,493.103199531066,487.447345246188,-5.65585428487827,7.25792884264542,514.9340631774,525.467832300912,10.5337691235118,7.6126525912479,537.146017718334,543.785992386642,6.63997466830756,7.01001031857896,568.257356013447,561.508081953759,-6.74927405968833,7.49584938198661,21.8308636463338,38.0204870547238,16.18962340839,7.35533986284158,44.0428181872678,56.3386471404537,12.2958289531858,7.29128518260033,75.1541564823806,74.0607367075705,-1.09341977481006,7.86461224133935,22.211954540934,18.3181600857298,-3.89379445520422,6.99080564107119,53.3232928360468,36.0402496528467,-17.2830431832001,8.03416723359079,31.1113382951128,17.7220895671169,-13.3892487279959,7.310209284862
escs_anchor25,LTU,36,447.985434460121,457.16898830561,9.18355384548914,5.31094278131529,470.958621579786,482.490052103672,11.5314305238865,5.25932504756547,502.27614230935,510.982646076841,8.70650376749171,5.37354656109277,522.520075502468,524.627145156596,2.10706965412726,5.81361416455519,22.9731871196643,25.3210637980617,2.34787667839737,5.26432986461161,54.2907078492284,53.8136577712309,-0.477050077997433,5.46084765802074,74.5346410423472,67.4581568509853,-7.07648419136189,6.21777896755304,31.317520729564,28.4925939731692,-2.8249267563948,5.27718080822285,51.5614539226829,42.1370930529236,-9.42436086975925,5.70028360290655,20.2439331931188,13.6444990797544,-6.59943411336445,5.25964370222352
escs_anchor25,LVA,36,463.506484211289,447.212093633507,-16.2943905777822,5.47163646786067,481.348326156245,471.576672417548,-9.77165373869616,5.59274508748573,505.13231391431,493.098619421101,-12.0336944932088,5.7171846791391,528.629489610157,507.772900982522,-20.8565886276344,5.44033122238456,17.8418419449553,24.3645787840413,6.52273683908607,4.98245697335381,41.6258297030209,45.8865257875943,4.26069608457345,5.70711469438118,65.1230053988675,60.5608073490153,-4.56219804985221,5.98054211144299,23.7839877580656,21.521947003553,-2.26204075451261,5.70253223374612,47.2811634539122,36.1962285649739,-11.0849348889383,5.76171302681197,23.4971756958466,14.6742815614209,-8.82289413442567,6.19017732243384
escs_anchor25,MEX,36,381.282644307023,383.091837804753,1.80919349773035,4.76972022684472,397.699845866922,405.314273120082,7.6144272531601,5.18444646143434,414.076120481386,420.698378515087,6.62225803370131,5.66994009834236,446.570714028834,451.784953049847,5.21423902101321,6.88203553743511,16.4172015598988,22.2224353153286,5.80523375542975,4.57147157376207,32.7934761743626,37.6065407103336,4.81306453597097,5.41820621061913,65.2880697218106,68.6931152450935,3.40504552328287,6.87363207206463,16.3762746144637,15.384105395005,-0.992169219458788,4.84910655407362,48.8708681619118,46.4706799297649,-2.40018823214689,6.70289534195338,32.494593547448,31.0865745347599,-1.4080190126881,6.10859195291492
escs_anchor25,NLD,36,444.019445816573,438.404132505791,-5.61531331078169,8.27417908353226,470.364621463056,474.481148932727,4.11652746967144,7.27477751514237,514.586323719795,512.872015470978,-1.71430824881702,7.80644448627547,539.817961203326,542.841419391541,3.02345818821527,6.6532092426229,26.3451756464831,36.0770164269362,9.73184078045313,6.85620514242036,70.5668779032217,74.4678829651863,3.90100506196467,9.29175785393176,95.798515386753,104.43728688575,8.63877149899696,9.33361893987207,44.2217022567386,38.3908665382501,-5.83083571848846,7.55517983907338,69.4533397402699,68.3602704588138,-1.09306928145617,8.06150834591021,25.2316374835314,29.9694039205637,4.73776643703229,7.43532290267961
escs_anchor25,NOR,36,441.224131388794,431.331311261122,-9.89282012767205,5.61366297401055,471.707682386547,467.066031531538,-4.64165085500889,5.76679738202239,498.432267723389,498.358642345885,-0.0736253775041291,5.59913816558089,514.715496981969,509.070864236323,-5.64463274564628,5.93349215801035,30.4835509977528,35.734720270416,5.25116927266316,5.6298508936457,57.2081363345949,67.0273310847629,9.81919475016792,6.11135589918883,73.4913655931757,77.7395529752015,4.24818738202578,6.45686942625275,26.7245853368421,31.2926108143469,4.56802547750476,5.57379759826829,43.0078145954229,42.0048327047855,-1.00298189063739,5.91315438507527,16.2832292585808,10.7122218904386,-5.57100736814215,5.64931159422093
escs_anchor25,NZL,36,456.207026421444,472.276071627457,16.0690452060131,5.75041899144577,500.106077160468,502.887682108096,2.78160494762847,6.41516785272134,531.43088038223,538.647114493755,7.21623411152484,6.05318143198417,550.116132964319,565.706124870527,15.5899919062086,5.83871774092544,43.8990507390238,30.6116104806392,-13.2874402583847,6.11577023588243,75.2238539607863,66.371042866298,-8.85281109448829,6.58857194191071,93.9091065428746,93.4300532430701,-0.479053299804491,6.53087878745586,31.3248032217624,35.7594323856588,4.43462916389638,7.0567149792025,50.0100558038507,62.8184427624309,12.8083869585802,7.07782073055294,18.6852525820883,27.0590103767721,8.3737577946838,7.20689529582708
escs_anchor25,POL,36,460.993577328356,457.558883977217,-3.43469335113861,5.72556572559334,485.651861007793,483.573094071383,-2.07876693641009,5.74579649100019,512.818812085747,517.709471301277,4.89065921553015,6.08185940524862,543.670647008965,541.474643712966,-2.19600329599848,6.26723423414351,24.6582836794371,26.0142100941656,1.35592641472851,5.46360388172521,51.8252347573909,60.1505873240597,8.32535256666876,5.96393469383505,82.6770696806092,83.9157597357494,1.23869005514013,7.27643452224844,27.1669510779538,34.136377229894,6.96942615194024,5.33163040255642,58.0187860011722,57.9015496415838,-0.117236359588389,6.48185467553023,30.8518349232184,23.7651724116897,-7.08666251152863,5.58894649528012
escs_anchor25,PRT,36,444.42583083463,439.940239757647,-4.4855910769831,6.17788471739922,469.940237489,470.942690685504,1.00245319650401,6.96602316950492,496.717923249375,498.495470458317,1.77754720894217,6.24751744195609,530.352929669424,533.041416779872,2.68848711044825,6.28958053230693,25.5144066543701,31.0024509278572,5.48804427348711,5.55028980023233,52.2920924147449,58.5552307006702,6.26313828592527,5.65982481334278,85.9270988347944,93.1011770222258,7.17407818743135,6.53413925895622,26.7776857603748,27.5527797728129,0.77509401243816,5.84377445327582,60.4126921804243,62.0987260943686,1.68603391394424,6.85318691423211,33.6350064200495,34.5459463215556,0.910939901506083,5.39283320770983
escs_anchor25,SVK,36,398.351519307026,419.24743226767,20.8959129606444,7.26332527955218,450.453265782921,466.953093634788,16.4998278518662,6.2621900296508,478.455205032251,494.434670787771,15.9794657555205,6.64477568576738,522.968369302668,537.835128017143,14.8667587144751,6.91603215195026,52.1017464758954,47.7056613671173,-4.39608510877815,6.74166616348118,80.1036857252248,75.187238520101,-4.91644720512386,7.87859875684126,124.616849995642,118.587695749473,-6.0291542461693,9.10483548097184,28.0019392493294,27.4815771529837,-0.520362096345707,6.93466533913812,72.5151035197466,70.8820343823554,-1.63306913739115,7.61830724912744,44.5131642704172,43.4004572293717,-1.11270704104544,6.34320474339551
escs_anchor25,SVN,36,459.503077607584,445.913923976455,-13.5891536311295,5.31442094801161,487.7966783791,476.62376017394,-11.1729182051596,5.08293760799685,520.401164711754,510.371376647914,-10.02978806384,5.24200449727628,535.858763609022,528.334869786368,-7.52389382265358,5.0854109131779,28.2936007715159,30.7098361974858,2.41623542596994,5.74471169197349,60.8980871041695,64.457452671459,3.55936556728955,5.70971540725976,76.3556860014377,82.4209458099136,6.06525980847596,5.91941535600156,32.6044863326536,33.7476164739732,1.1431301413196,5.83112923710696,48.0620852299218,51.7111096124278,3.64902438250601,5.88117320489804,15.4575988972682,17.9634931384546,2.50589424118641,6.35572769678121
escs_anchor25,SWE,36,445.158838386713,437.008913385424,-8.14992500128824,5.81578828083564,480.156203576319,481.684664089352,1.52846051303317,6.03605569897411,516.495703868224,520.333824892505,3.83812102428021,6.6655867966659,542.942542764585,533.015973417187,-9.92656934739875,6.38449568447474,34.9973651896062,44.6757507039276,9.67838551432141,5.70417975050612,71.336865481512,83.3249115070804,11.9880460255685,6.57867292116325,97.783704377873,96.0070600317624,-1.77664434611052,7.00401409899914,36.3395002919057,38.6491608031528,2.30966051124705,6.2832025927038,62.7863391882667,51.3313093278348,-11.4550298604319,6.36346907991149,26.446838896361,12.682148524682,-13.764690371679,6.6100731961082
escs_anchor25,TUR,36,448.901788992444,460.347707585129,11.445918592685,5.33521078577826,464.347319067849,484.873042373473,20.525723305624,5.13201589706898,472.596163859084,496.424799164128,23.8286353050436,5.5752746057616,518.22773952866,547.398647165885,29.1709076372259,6.18183544160473,15.445530075405,24.525334788344,9.07980471293899,5.01931363475311,23.6943748666406,36.0770915789993,12.3827167123587,5.55768395151425,69.3259505362159,87.0509395807569,17.724989044541,6.85226952144303,8.24884479123557,11.5517567906552,3.30291199941968,5.04781845243632,53.8804204608109,62.5256047924129,8.64518433160197,6.22461600472781,45.6315756695754,50.9738480017576,5.34227233218229,6.24771283358679
escs_anchor25,USA,36,454.769205997566,456.63483890452,1.86563290695352,9.52676457211039,479.507101653292,482.78347587289,3.27637421959747,9.00697492188295,512.612000557484,512.576735813992,-0.0352647434923483,14.1571334028329,554.267321512454,564.922460181793,10.65513866934,17.1742660822829,24.7378956557261,26.1486369683701,1.41074131264395,11.0304378974142,57.8427945599179,55.9418969094721,-1.90089765044587,13.7178928005173,99.4981155148876,108.287621277274,8.78950576238646,18.3951905925405,33.1048989041918,29.793259941102,-3.31163896308982,14.3129931281157,74.7602198591615,82.138984308904,7.37876444974251,17.428025255362,41.6553209549696,52.345724367802,10.6904034128323,12.8750832192597
escs_anchor25,OECD,36,445.492963724897,445.008883997185,-0.484079727711787,3.23856134402114,474.882316282466,476.691233146696,1.80891686422984,3.23786581589809,502.50550796159,505.266577800923,2.76106983933289,3.25923896819787,531.11845495964,532.556420655517,1.43796569587755,3.28021785600167,29.3893525575688,31.6823491495104,2.29299659194163,1.02155345648995,57.0125442366931,60.2576938037378,3.24514956704468,1.11687649239622,85.6254912347424,87.5475366583318,1.92204542358934,1.2847687209314,27.6231916791243,28.5753446542274,0.952152975103047,1.04623619808416,56.2361386771736,55.8651875088214,-0.370951168352292,1.18574742222221,28.6129469980493,27.289842854594,-1.32310414345534,1.08129027485161
escs_anchor25,OECD35,35,445.362826406373,445.114400506624,-0.248425899749066,3.24408047918867,474.900267543494,476.939859515602,2.0395919721081,3.24311823145133,502.6913681696,505.511986177394,2.82061800779394,3.26589237391085,531.376992023179,532.959249554792,1.58225753161366,3.28826744421893,29.5374411371201,31.8254590089773,2.28801787185716,1.04464828216185,57.328541763227,60.39758567077,3.06904390754301,1.14311325178678,86.0141656168051,87.8448490481678,1.83068343136273,1.31616180808338,27.7911006261069,28.5721266617927,0.781026035685841,1.07205616447533,56.476724479685,56.0193900391905,-0.457334440494435,1.21378015657108,28.6856238535781,27.4472633773978,-1.23836047618028,1.10724322148123
