cnt,wave,index,domain,n,weight_Q1,n_Q1,weight_Q2,n_Q2,weight_Q3,n_Q3,weight_Q4,n_Q4
AUS,2022,escs,math,12971,25.007748032372,3181,24.9941762307884,3202,24.9994114696942,3236,24.9986642671454,3352
AUS,2022,escs_h,math,12962,25.0023854000763,3193,24.9994782930874,3220,24.9984978963517,3203,24.9996384104846,3346
AUS,2022,escs_pca,math,12962,25.0102194104645,3191,24.9975140394105,3215,24.9977192721128,3213,24.9945472780122,3343
AUS,2022,hisei_h,math,12272,25.008337354493,2942,24.9970486664303,3056,25.0021375916509,3098,24.9924763874258,3176
AUS,2022,pared_h,math,12921,25.005428927353,3229,24.9952552560063,3177,25.0035556925865,3234,24.9957601240543,3281
AUS,2022,homepos,math,13077,25.0170504976141,3217,24.9920606793694,3217,25.0016155340399,3301,24.9892732889766,3342
AUS,2022,homepos_h,math,13052,25.0032309787207,3286,25.0081039248354,3189,24.9957314093385,3328,24.9929336871054,3249
AUS,2022,books_h,math,13046,25.0076312254754,3168,25.0019756637253,3238,24.9947912925358,3227,24.9956018182636,3413
AUS,2022,escs_cc,math,12207,25.0038948425721,3009,24.99976582682,3005,24.9976932319492,3036,24.9986460986588,3157
AUS,2022,escs_h_cc,math,12207,25.000635769149,3017,25.0001535750814,3032,24.9999397522002,3005,24.9992709035694,3153
AUS,2022,escs_h_min3,math,12973,25.0014598619507,3201,25.0013782666449,3217,25.0118213980522,3206,24.9853404733522,3349
AUS,2025,escs,math,13976,25.0089370411851,3525,24.9937857331147,3480,24.9982519574494,3544,24.9990252682508,3427
AUS,2025,escs_h,math,13971,25.001150438149,3534,25.0125259947887,3486,24.9884301601209,3511,24.9978934069414,3440
AUS,2025,escs_pca,math,13971,25.0118201895185,3538,25.0007547138017,3481,24.9895775623883,3513,24.9978475342916,3439
AUS,2025,hisei_h,math,13119,25.0053464220945,3273,25.001810261904,3286,25.0000728995419,3269,24.9927704164597,3291
AUS,2025,pared_h,math,13322,25.0045969549116,3406,24.9985292975647,3334,25.0038789423318,3289,24.9929948051919,3293
AUS,2025,homepos,math,14319,25.0026604308718,3666,25.0047855034948,3600,24.996980646103,3545,24.9955734195305,3508
AUS,2025,homepos_h,math,14284,25.0027654040347,3638,24.9997982248742,3592,24.9994639439332,3533,24.997972427158,3521
AUS,2025,books_h,math,14261,25.0012474281016,3486,25.0009085951767,3512,25.0051505000653,3606,24.9926934766564,3657
AUS,2025,escs_cc,math,12451,25.0082555926373,3175,24.9921497037853,3088,25.0010852841343,3135,24.9985094194431,3053
AUS,2025,escs_h_cc,math,12451,25.0018608520572,3173,25.0074726893205,3096,24.9909838840583,3120,24.999682574564,3062
AUS,2025,escs_h_min3,math,13976,25.0017061908159,3545,24.9989357201215,3463,25.0005493351489,3525,24.9988087539137,3443
AUT,2022,escs,math,5981,25.0129926241434,1427,24.9922321028168,1514,24.9998905229508,1527,24.9948847500889,1513
AUT,2022,escs_h,math,5984,25.004890058602,1446,25.0071498183397,1502,24.9956867248943,1524,24.992273398164,1512
AUT,2022,escs_pca,math,5984,25.0006786205431,1449,25.0092160903941,1492,24.9922284183313,1533,24.9978768707315,1510
AUT,2022,hisei_h,math,5613,25.0069674618052,1361,24.9965550404847,1419,25.0035278866516,1426,24.9929496110586,1407
AUT,2022,pared_h,math,5867,25.0185301508858,1446,25.0022843487068,1475,24.9875325203496,1480,24.9916529800578,1466
AUT,2022,homepos,math,6091,25.0062380679817,1441,24.996576791366,1536,24.9979907357508,1554,24.9991944049015,1560
AUT,2022,homepos_h,math,6072,25.0046261793128,1445,25.0049005406036,1523,25.0039330077082,1556,24.9865402723755,1548
AUT,2022,books_h,math,6080,25.0091243274616,1456,25.0001736021753,1541,24.9952784688475,1540,24.9954236015157,1543
AUT,2022,escs_cc,math,5482,25.0071201189638,1330,24.9950718710067,1377,25.002948446808,1397,24.9948595632215,1378
AUT,2022,escs_h_cc,math,5482,25.0042058388867,1336,25.0089301433555,1377,25.0007462264778,1394,24.9861177912801,1375
AUT,2022,escs_h_min3,math,5990,25.0094862404939,1444,24.9997295152773,1502,25.0027981920476,1532,24.9879860521812,1512
AUT,2025,escs,math,6662,25.008512345603,1596,24.9943106449938,1637,25.013160363531,1674,24.9840166458723,1755
AUT,2025,escs_h,math,6659,25.009615214559,1585,25.0289729536256,1640,24.9732515357932,1673,24.9881602960223,1761
AUT,2025,escs_pca,math,6659,25.0050855163826,1585,25.0124036460287,1642,24.9945970805099,1669,24.9879137570788,1763
AUT,2025,hisei_h,math,6134,25.0097247705587,1454,25.0084872608882,1512,24.9878264368615,1552,24.9939615316917,1616
AUT,2025,pared_h,math,6374,25.00303996024,1553,25.0012924581619,1562,25.0079870984841,1590,24.9876804831141,1669
AUT,2025,homepos,math,6908,25.0045488420612,1678,24.9991017416664,1698,24.9967205126054,1754,24.999628903667,1778
AUT,2025,homepos_h,math,6884,25.0005250378265,1648,25.012863210053,1720,24.99061097971,1747,24.9960007724106,1769
AUT,2025,books_h,math,6892,25.0045653898126,1634,24.9983092410918,1691,25.0082767521993,1747,24.9888486168963,1820
AUT,2025,escs_cc,math,5821,25.0084771835565,1390,24.9987316279909,1428,25.0041360493766,1469,24.988655139076,1534
AUT,2025,escs_h_cc,math,5821,25.0157527702392,1384,24.9877515306318,1434,25.0010182508596,1465,24.9954774482694,1538
AUT,2025,escs_h_min3,math,6662,25.0117584531795,1586,25.0058188368364,1641,24.9887586321962,1665,24.993664077788,1770
BEL,2022,escs,math,8000,25.0013303151323,1901,25.0074969506806,2001,24.999877444526,2011,24.9912952896611,2087
BEL,2022,escs_h,math,7991,25.0049125979675,1911,24.9972110268404,1980,24.9980946747439,2028,24.9997817004482,2072
BEL,2022,escs_pca,math,7991,25.0017960505994,1915,24.9983140055688,1983,25.008302763017,2026,24.9915871808148,2067
BEL,2022,hisei_h,math,7556,25.0014782293117,1809,25.0061026147089,1914,25.0005155434097,1909,24.9919036125697,1924
BEL,2022,pared_h,math,7786,25.0118801766867,1939,25.0046592072558,1942,24.9938877931507,1963,24.9895728229068,1942
BEL,2022,homepos,math,8164,25.0124983286695,1871,25.0004441052713,2031,24.9904923281222,2117,24.9965652379371,2145
BEL,2022,homepos_h,math,8141,25.0063973765586,1880,25.0192559736367,2033,24.9837005497711,2095,24.9906461000336,2133
BEL,2022,books_h,math,8126,25.0168342718231,1919,24.9959327013159,2059,24.9978463219702,2057,24.9893867048909,2091
BEL,2022,escs_cc,math,7332,25.0184028635621,1750,24.9895844862721,1820,24.9936712918644,1849,24.9983413583014,1913
BEL,2022,escs_h_cc,math,7332,25.0095241446488,1754,25.0025863561739,1817,24.9935922441497,1867,24.9942972550277,1894
BEL,2022,escs_h_min3,math,8000,25.0036456073351,1914,25.0107857569759,1977,24.9946460688767,2034,24.9909225668123,2075
BEL,2025,escs,math,6855,25.0450982809368,1579,24.9579627748632,1698,25.0116234027291,1755,24.9853155414709,1823
BEL,2025,escs_h,math,6838,25.0093354484249,1570,24.9957162742994,1701,25.00674175719,1745,24.9882065200857,1822
BEL,2025,escs_pca,math,6838,25.0019576241166,1579,25.0083737246251,1699,24.9987289499585,1727,24.9909397012998,1833
BEL,2025,hisei_h,math,6335,25.008750283848,1490,25.0141526551457,1568,24.9782834466389,1620,24.9988136143674,1657
BEL,2025,pared_h,math,6323,25.019688439296,1492,24.9865667103408,1586,25.0053390248421,1625,24.9884058255212,1620
BEL,2025,homepos,math,7334,25.0022846688604,1654,25.0177344493038,1841,24.9954736500982,1899,24.9845072317375,1940
BEL,2025,homepos_h,math,7287,25.008270327952,1644,24.9956821228873,1818,25.00470151898,1899,24.9913460301807,1926
BEL,2025,books_h,math,7290,25.0072105656698,1670,24.9935571382813,1825,25.0108060278914,1877,24.9884262681575,1918
BEL,2025,escs_cc,math,5788,25.0002478374339,1353,25.0028845250979,1432,25.002440932803,1479,24.9944267046653,1524
BEL,2025,escs_h_cc,math,5788,25.0024047703402,1349,25.0028185809926,1443,25.0073494469154,1465,24.9874272017519,1531
BEL,2025,escs_h_min3,math,6855,25.0028846849064,1579,25.00939011192,1702,24.9930300166399,1741,24.9946951865337,1833
CAN,2022,escs,math,21396,25.0006548444017,5782,24.9996199866879,5476,24.9997801838985,5136,24.9999449850119,5002
CAN,2022,escs_h,math,21364,25.0021972889521,5893,25.0044309186112,5404,25.0028075496428,5201,24.9905642427939,4866
CAN,2022,escs_pca,math,21364,25.0033860085533,5872,25.0021854034686,5430,25.0032434248132,5205,24.991185163165,4857
CAN,2022,hisei_h,math,19461,25.0025797804457,5255,25.0015559874457,4799,24.9993909850861,4799,24.9964732470225,4608
CAN,2022,pared_h,math,21312,25.0131649312385,5671,24.987451831576,5350,25.0031247076257,5119,24.9962585295598,5172
CAN,2022,homepos,math,21671,25.0040837265611,5774,25.0010633410667,5447,24.9985173384833,5171,24.9963355938889,5279
CAN,2022,homepos_h,math,21565,25.0028956561089,5918,25.0034902411423,5599,24.9946684974994,5116,24.9989456052493,4932
CAN,2022,books_h,math,21514,25.0031334137734,5492,24.9996559087301,5236,25.008931893336,5342,24.9882787841605,5444
CAN,2022,escs_cc,math,19337,25.0020477742194,5173,25.0034382968018,4938,24.9948231631202,4655,24.9996907658587,4571
CAN,2022,escs_h_cc,math,19337,25.0010112980919,5286,25.0061894955036,4859,24.994577447786,4778,24.9982217586185,4414
CAN,2022,escs_h_min3,math,21394,25.0219789532989,5897,24.9849640281381,5437,24.9957112282645,5188,24.9973457902985,4872
CAN,2025,escs,math,22143,25.0139061193174,5843,24.9885159150547,5629,25.0019277532152,5378,24.9956502124127,5293
CAN,2025,escs_h,math,22113,25.0002660417226,5879,25.0037350760914,5630,25.0054996358201,5342,24.9904992463659,5262
CAN,2025,escs_pca,math,22113,25.0005185811935,5925,25.0068459880348,5630,24.9950981349875,5322,24.9975372957842,5236
CAN,2025,hisei_h,math,19718,25.0027567099763,5132,24.9972625632695,5037,25.0016195467705,4804,24.9983611799837,4745
CAN,2025,pared_h,math,21288,25.0060434421915,5742,24.9950804294046,5298,24.9995761036054,5147,24.9993000247985,5101
CAN,2025,homepos,math,23525,25.006576879794,5927,24.9944245853099,5906,25.0037214585578,5910,24.9952770763383,5782
CAN,2025,homepos_h,math,23363,25.0008412635086,6021,24.9992901677365,5949,25.0016939339624,5826,24.9981746347925,5567
CAN,2025,books_h,math,23338,25.010116976426,5883,24.9976813553179,5649,24.9935879974959,5813,24.9986136707603,5993
CAN,2025,escs_cc,math,18801,25.0009645556269,4953,24.9992465910782,4771,25.0032398025511,4542,24.9965490507439,4535
CAN,2025,escs_h_cc,math,18801,25.001951452382,5022,25.0018058635679,4751,24.9976501515443,4540,24.9985925325058,4488
CAN,2025,escs_h_min3,math,22143,25.0006915581678,5890,25.0067576343813,5626,24.9950279126303,5344,24.9975228948206,5283
CHE,2022,escs,math,6596,25.0041495323097,1620,25.0119654135006,1677,24.9879703379908,1630,24.9959147161989,1669
CHE,2022,escs_h,math,6591,25.0138117233424,1622,24.9870130730989,1676,25.0086755405915,1628,24.9904996629672,1665
CHE,2022,escs_pca,math,6591,25.0078744801834,1620,25.0001641594426,1676,25.000233729633,1641,24.991727630741,1654
CHE,2022,hisei_h,math,6194,25.0154352813028,1564,24.9941116641195,1580,24.9955562843122,1507,24.9948967702655,1543
CHE,2022,pared_h,math,6388,25.0105732574345,1581,24.9920740293789,1580,25.0352389605656,1635,24.962113752621,1592
CHE,2022,homepos,math,6784,25.0094549254605,1649,25.0026311919182,1713,24.9956074785613,1693,24.99230640406,1729
CHE,2022,homepos_h,math,6769,25.0190920987502,1655,24.9981944050521,1680,24.994535525707,1693,24.9881779704907,1741
CHE,2022,books_h,math,6759,25.0071524169419,1661,24.9999678038414,1669,25.0050395948279,1703,24.9878401843889,1726
CHE,2022,escs_cc,math,5977,25.0010757080474,1477,25.0008910936829,1517,25.0073414149591,1469,24.9906917833105,1514
CHE,2022,escs_h_cc,math,5977,25.0059194032188,1468,25.0100230371538,1520,24.9956183353632,1475,24.9884392242643,1514
CHE,2022,escs_h_min3,math,6595,25.005198696145,1619,25.0072484863586,1680,24.9944177738607,1633,24.9931350436356,1663
CHE,2025,escs,math,7026,25.0026672340101,1796,24.9984354277824,1774,25.014058990264,1692,24.9848383479435,1764
CHE,2025,escs_h,math,7021,25.0002397204995,1784,25.0128101283722,1792,24.9896172793011,1694,24.9973328718272,1751
CHE,2025,escs_pca,math,7021,25.0186921547288,1796,24.9820236782785,1787,25.0034387143901,1698,24.9958454526026,1740
CHE,2025,hisei_h,math,6514,25.0148419029258,1650,25.0051708153465,1634,24.9942851345504,1625,24.9857021471773,1605
CHE,2025,pared_h,math,6492,25.0072753319192,1707,25.000545359641,1595,24.9929235202638,1600,24.999255788176,1590
CHE,2025,homepos,math,7449,25.0149180379853,1838,24.9963048163259,1860,24.9914975801915,1866,24.9972795654974,1885
CHE,2025,homepos_h,math,7422,25.0025693648112,1856,25.0067580554486,1853,25.003122310954,1847,24.9875502687862,1866
CHE,2025,books_h,math,7404,25.006252781579,1863,25.0045287169155,1854,24.9934968179954,1832,24.9957216835101,1855
CHE,2025,escs_cc,math,5965,25.0042196669522,1529,25.0114494126927,1515,24.9853891768714,1417,24.9989417434838,1504
CHE,2025,escs_h_cc,math,5965,25.0030286968472,1526,24.9979201458458,1524,25.0152288285197,1425,24.9838223287872,1490
CHE,2025,escs_h_min3,math,7026,25.0215492870345,1797,24.9832640317616,1783,25.0105115647616,1688,24.9846751164423,1758
CHL,2022,escs,math,6181,25.015472947929,1210,25.016878255779,1249,24.9824932967084,1408,24.9851554995836,2314
CHL,2022,escs_h,math,6176,25.007697776209,1209,25.0158659062497,1254,24.9886826982602,1379,24.9877536192811,2334
CHL,2022,escs_pca,math,6176,25.0113084653236,1218,25.0224148618751,1246,24.9761007882447,1375,24.9901758845566,2337
CHL,2022,hisei_h,math,5756,25.0094246679217,1148,25.0087791495974,1177,24.9915185021165,1388,24.9902776803644,2043
CHL,2022,pared_h,math,6105,25.0051003556456,1208,25.0057775192628,1301,24.9982976933591,1748,24.9908244317325,1848
CHL,2022,homepos,math,6226,25.0058092386189,1233,25.0111929172259,1318,24.9931903824217,1487,24.9898074617335,2188
CHL,2022,homepos_h,math,6207,25.024403257216,1234,24.980722857697,1274,25.0169238087036,1457,24.9779500763834,2242
CHL,2022,books_h,math,6217,25.0128870865053,1290,25.0000255309227,1386,24.9893227067983,1557,24.9977646757737,1984
CHL,2022,escs_cc,math,5667,25.0128855436165,1101,25.0159365015088,1125,24.9793146280627,1287,24.991863326812,2154
CHL,2022,escs_h_cc,math,5667,25.0015048550603,1101,25.0174263186919,1127,24.9839925413059,1258,24.9970762849419,2181
CHL,2022,escs_h_min3,math,6181,25.0085412668357,1207,24.9984470961448,1254,25.0018618446413,1387,24.9911497923783,2333
CHL,2025,escs,math,5977,25.0029518994036,1250,25.0034349387355,1346,24.9962160926625,1466,24.9973970691984,1915
CHL,2025,escs_h,math,5965,25.0009747857755,1246,25.0089218529118,1342,24.9919151057986,1459,24.998188255514,1918
CHL,2025,escs_pca,math,5965,25.0045592331278,1240,25.0243552548527,1350,24.971512217127,1461,24.9995732948925,1914
CHL,2025,hisei_h,math,5159,25.0060798396824,1099,25.0210447446924,1160,24.9782211743245,1308,24.9946542413007,1592
CHL,2025,pared_h,math,5841,25.0127845892266,1252,24.9943377329304,1337,24.9979698486956,1582,24.9949078291474,1670
CHL,2025,homepos,math,6167,25.0121220280685,1328,24.9974865121671,1398,25.0003647494794,1528,24.990026710285,1913
CHL,2025,homepos_h,math,6121,25.0199794604338,1312,24.9955028986801,1371,24.9869607577252,1514,24.997556883161,1924
CHL,2025,books_h,math,6134,25.0304043833514,1369,24.9856593948048,1408,25.0005036254601,1551,24.9834325963837,1806
CHL,2025,escs_cc,math,4994,25.0046861538057,1028,25.000034266502,1120,25.0022773630987,1224,24.9930022165935,1622
CHL,2025,escs_h_cc,math,4994,25.0173039754834,1025,24.9922708081696,1113,25.0045288719959,1232,24.9858963443511,1624
CHL,2025,escs_h_min3,math,5977,25.006969546382,1241,25.0078946252714,1355,24.9960010990621,1459,24.9891347292845,1922
COL,2022,escs,math,7459,25.0064919136223,1633,24.9988048515918,1850,24.9957119569663,1927,24.9989912778196,2049
COL,2022,escs_h,math,7445,25.0048654929403,1640,25.0081401473454,1837,24.991698135447,1950,24.9952962242674,2018
COL,2022,escs_pca,math,7445,25.0071502902965,1646,24.9943910421535,1850,24.9997823610938,1937,24.9986763064562,2012
COL,2022,hisei_h,math,7193,25.0001484341081,1604,25.0279241818747,1810,24.9735303347911,1844,24.9983970492261,1935
COL,2022,pared_h,math,7447,25.0039856692606,1754,25.0048362986743,1854,25.010072165139,1918,24.9811058669261,1921
COL,2022,homepos,math,7478,25.0475791066638,1606,24.9600331224374,1742,24.9932770502084,1990,24.9991107206904,2140
COL,2022,homepos_h,math,7397,25.0172166189156,1587,24.9893306618695,1737,24.9981980535855,2008,24.9952546656294,2065
COL,2022,books_h,math,7435,25.0031873314795,1686,25.0019847329008,1763,25.0004680205344,1887,24.9943599150854,2099
COL,2022,escs_cc,math,7117,25.018671427543,1559,24.98975253725,1760,25.0052739392152,1853,24.9863020959917,1945
COL,2022,escs_h_cc,math,7117,25.0011741721139,1565,25.0104655352066,1764,24.9955132335049,1857,24.9928470591746,1931
COL,2022,escs_h_min3,math,7456,25.0098743641509,1647,24.9956754028082,1844,24.9978425650572,1943,24.9966076679836,2022
COL,2025,escs,math,6829,25.0000640939534,1609,25.0045519166934,1698,25.0109045722425,1717,24.9844794171107,1805
COL,2025,escs_h,math,6805,25.0024576417151,1591,25.0151126356118,1713,24.9898169446247,1699,24.9926127780484,1802
COL,2025,escs_pca,math,6805,25.0034486940109,1617,24.9993189386587,1697,25.0069485757582,1704,24.9902837915723,1787
COL,2025,hisei_h,math,6084,25.0128597182025,1454,24.9908385806149,1522,25.0101401309396,1525,24.9861615702431,1583
COL,2025,pared_h,math,6585,25.0091465148606,1559,25.0075861135787,1660,24.9969471338947,1666,24.986320237666,1700
COL,2025,homepos,math,7078,25.0084265874582,1658,24.9967886834032,1717,25.0035778038886,1810,24.9912069252501,1893
COL,2025,homepos_h,math,7002,25.0112519019002,1647,24.9913723919338,1692,25.0058683887482,1801,24.9915073174178,1862
COL,2025,books_h,math,7016,25.0016034256491,1664,25.0083480295495,1712,24.9966223166163,1741,24.993426228185,1899
COL,2025,escs_cc,math,5802,25.0097235770859,1364,24.9972830009894,1452,25.0089023650967,1443,24.984091056828,1543
COL,2025,escs_h_cc,math,5802,25.0178746547451,1357,24.9944884207023,1456,24.9888254663362,1456,24.9988114582164,1533
COL,2025,escs_h_min3,math,6829,25.0120238760867,1598,24.9966127848498,1717,25.0367006418085,1714,24.954662697255,1800
CZE,2022,escs,math,8301,25.0184476402623,1886,24.9918083715127,1917,24.9968194267826,2062,24.9929245614424,2436
CZE,2022,escs_h,math,8297,25.0031829464216,1884,24.9991268407212,1922,24.9997007735338,2074,24.9979894393234,2417
CZE,2022,escs_pca,math,8297,25.0048871482472,1893,24.9958436104226,1920,25.0249871459016,2064,24.9742820954287,2420
CZE,2022,hisei_h,math,7759,25.0162183709402,1750,24.9962734954562,1825,25.0007307358855,1953,24.986777397718,2231
CZE,2022,pared_h,math,8228,25.00298877117,1914,25.0004032683539,1901,25.0055371143517,2099,24.9910708461244,2314
CZE,2022,homepos,math,8387,25.0130080184961,1910,24.9900408464845,2022,25.008072198844,2131,24.9888789361754,2324
CZE,2022,homepos_h,math,8375,25.000985255671,1928,24.9991710535323,2069,25.0078357299409,2134,24.9920079608559,2244
CZE,2022,books_h,math,8380,25.0060576327039,1921,25.0008601528161,2013,25.0114370151121,2099,24.9816451993679,2347
CZE,2022,escs_cc,math,7679,25.0149563309148,1742,24.996253880452,1759,24.9990083115106,1917,24.9897814771225,2261
CZE,2022,escs_h_cc,math,7679,25.0157291207065,1740,24.9948751503207,1779,24.993278571763,1912,24.9961171572098,2248
CZE,2022,escs_h_min3,math,8302,25.0059825581215,1889,24.9975333447187,1914,25.0083105355846,2076,24.9881735615752,2423
CZE,2025,escs,math,8001,25.0262141611535,1826,24.9806446343807,1873,24.9953210324244,1995,24.9978201720414,2307
CZE,2025,escs_h,math,7995,25.0138441530109,1828,24.9952134932017,1879,24.9958019997832,1975,24.9951403540041,2313
CZE,2025,escs_pca,math,7995,25.0100380947039,1825,24.9950513485181,1886,24.9999458641553,1972,24.9949646926227,2312
CZE,2025,hisei_h,math,7211,25.0119936178346,1637,25.0015162122367,1767,24.9935378903661,1793,24.9929522795626,2014
CZE,2025,pared_h,math,7911,25.012135861444,1781,25.0103107738152,1880,24.9902270206058,2081,24.987326344135,2169
CZE,2025,homepos,math,8281,25.010971747052,1929,24.9956327630376,2051,25.0171195058583,2090,24.9762759840522,2211
CZE,2025,homepos_h,math,8250,25.004768830816,1922,25.0008228333683,2015,25.0017228773401,2063,24.9926854584756,2250
CZE,2025,books_h,math,8253,25.0043157831963,1898,24.9989141521255,2006,24.9974157648944,2061,24.9993542997837,2288
CZE,2025,escs_cc,math,7108,25.0049402775139,1618,25.0063085696115,1657,25.0034208765032,1796,24.9853302763714,2037
CZE,2025,escs_h_cc,math,7108,25.0020687915336,1609,25.0133252226526,1673,25.0011933656929,1770,24.9834126201208,2056
CZE,2025,escs_h_min3,math,8001,25.0128267554436,1829,24.9886089663838,1876,25.002511498528,1981,24.9960527796446,2315
DEU,2022,escs,math,5314,25.0197622797722,1309,25.0006749027304,1325,24.9812283623497,1334,24.9983344551477,1346
DEU,2022,escs_h,math,5300,25.0025171836096,1298,25.0098894233877,1329,25.0119849799453,1331,24.9756084130575,1342
DEU,2022,escs_pca,math,5300,25.0121838521474,1305,25.0026062846989,1327,24.9988495789507,1326,24.9863602842031,1342
DEU,2022,hisei_h,math,4874,25.0095218469582,1205,24.9968354976447,1224,25.0112916099461,1220,24.9823510454511,1225
DEU,2022,pared_h,math,5086,25.0124563783752,1262,25.0005757813932,1273,24.9924184404899,1284,24.9945493997418,1267
DEU,2022,homepos,math,5456,25.0089275895934,1326,24.9982499155584,1365,24.9971054476244,1380,24.9957170472238,1385
DEU,2022,homepos_h,math,5427,25.0328278916076,1316,24.9731958708708,1353,24.995529113056,1378,24.9984471244657,1380
DEU,2022,books_h,math,5432,25.0082887514361,1332,25.0055047358982,1355,25.0001834042523,1381,24.9860231084134,1364
DEU,2022,escs_cc,math,4628,25.0067286599577,1141,24.9934678853761,1154,25.0065106331405,1164,24.9932928215257,1169
DEU,2022,escs_h_cc,math,4628,25.0170890354733,1143,24.9943966619017,1152,24.9928489270469,1165,24.9956653755781,1168
DEU,2022,escs_h_min3,math,5313,25.0168231909669,1306,24.9918524356336,1327,24.9954766729095,1336,24.99584770049,1344
DEU,2025,escs,math,5575,25.0064649124776,1311,25.0024724381555,1390,25.0004242877868,1415,24.9906383615801,1459
DEU,2025,escs_h,math,5556,25.014328505038,1304,24.9949555081484,1387,25.0013197037553,1406,24.9893962830583,1459
DEU,2025,escs_pca,math,5556,25.0154766822433,1313,24.9931227944407,1383,25.0130699990094,1401,24.9783305243066,1459
DEU,2025,hisei_h,math,4979,25.0052291638276,1181,24.9953583645511,1244,25.0205518988989,1262,24.9788605727223,1292
DEU,2025,pared_h,math,5217,25.0003764857398,1256,25.0157543546077,1308,24.990401266671,1305,24.9934678929815,1348
DEU,2025,homepos,math,5983,25.0085527587691,1406,24.9975830751201,1491,24.9952221861692,1528,24.9986419799416,1558
DEU,2025,homepos_h,math,5930,25.0012744839906,1393,25.0114919499373,1484,25.0061615825268,1515,24.9810719835454,1538
DEU,2025,books_h,math,5956,25.0219883397851,1406,24.987988697362,1490,25.0010777636717,1517,24.9889451991813,1543
DEU,2025,escs_cc,math,4608,25.0105093044447,1093,24.9978027448924,1147,25.0022375672482,1163,24.9894503834147,1205
DEU,2025,escs_h_cc,math,4608,25.0215324253294,1096,24.9900104557958,1149,24.9947673076117,1159,24.9936898112632,1204
DEU,2025,escs_h_min3,math,5575,25.0164609385546,1311,24.9978934031286,1395,24.986469081423,1404,24.9991765768938,1465
DNK,2022,escs,math,5908,25.0080615807729,1843,25.0019203306476,1452,25.0044328786893,1350,24.9855852098902,1263
DNK,2022,escs_h,math,5902,25.0035106297134,1844,25.0142905129889,1472,24.9879831732745,1316,24.9942156840233,1270
DNK,2022,escs_pca,math,5902,25.0166910675992,1843,24.9858858734592,1472,25.0037282048005,1321,24.9936948541411,1266
DNK,2022,hisei_h,math,5593,25.0083024537894,1687,24.9921937695318,1325,25.0006780818872,1281,24.9988256947917,1300
DNK,2022,pared_h,math,5816,25.0080010698144,1597,25.0453041192569,1422,24.9692529957675,1405,24.9774418151612,1392
DNK,2022,homepos,math,5975,25.0184110658196,1910,24.9851181702336,1485,25.0288976583837,1336,24.9675731055631,1244
DNK,2022,homepos_h,math,5960,25.00178956984,1926,25.0091664784647,1454,25.001315036873,1326,24.9877289148223,1254
DNK,2022,books_h,math,5958,25.0347843407388,1802,24.9656423627101,1439,25.0074950655793,1356,24.9920782309717,1361
DNK,2022,escs_cc,math,5495,25.0174718768228,1683,24.9943908232698,1353,25.0048949218407,1270,24.9832423780667,1189
DNK,2022,escs_h_cc,math,5495,25.0043395283361,1685,25.007633934488,1367,25.0065840294115,1246,24.9814425077645,1197
DNK,2022,escs_h_min3,math,5907,25.0155250282571,1849,24.9870569848468,1467,25.0046683875887,1319,24.9927495993075,1272
DNK,2025,escs,math,4628,25.0162454210287,1365,25.0019258596136,1166,24.9846041669697,1087,24.997224552388,1010
DNK,2025,escs_h,math,4625,25.0115484986628,1383,25.0104762562815,1158,25.0040929753162,1068,24.9738822697395,1016
DNK,2025,escs_pca,math,4625,25.0218988489961,1388,24.9788668755119,1149,25.0039859487326,1098,24.9952483267595,990
DNK,2025,hisei_h,math,3556,25.0133481519972,1027,24.9866943922651,858,25.010751074176,828,24.9892063815617,843
DNK,2025,pared_h,math,4422,25.0182862119688,1211,24.9830963238176,1110,25.0165292448285,1043,24.9820882193851,1058
DNK,2025,homepos,math,4952,25.0053390493233,1480,25.0241964071609,1230,24.9918139551474,1166,24.9786505883684,1076
DNK,2025,homepos_h,math,4924,25.0129208858758,1489,25.001160053228,1214,24.9885642794205,1139,24.9973547814757,1082
DNK,2025,books_h,math,4923,25.0172176054854,1385,24.9935286327446,1275,24.9984556895397,1180,24.9907980722303,1083
DNK,2025,escs_cc,math,3340,25.0015587300924,974,25.0211755489081,853,24.9942671322749,771,24.9829985887246,742
DNK,2025,escs_h_cc,math,3340,25.0043846550479,975,25.0131974539039,846,24.9935216521228,776,24.9888962389254,743
DNK,2025,escs_h_min3,math,4628,25.0143609923229,1378,25.0213246628384,1155,24.9868033608984,1077,24.9775109839404,1018
ESP,2022,escs,math,29648,25.0105142554603,6816,24.9916081712182,7365,25.0036577329306,7727,24.9942198403909,7740
ESP,2022,escs_h,math,29631,25.0025786388274,6851,25.0034476485711,7436,24.9992786239952,7682,24.9946950886064,7662
ESP,2022,escs_pca,math,29631,25.0056779693056,6872,24.9980615395309,7460,24.9978168138864,7667,24.9984436772772,7632
ESP,2022,hisei_h,math,27908,25.0014307741142,6876,25.000680780896,6984,25.0004387166792,6910,24.9974497283106,7138
ESP,2022,pared_h,math,29394,25.0003857106885,6940,25.0002851889272,7510,25.0104867458044,7583,24.9888423545799,7361
ESP,2022,homepos,math,29857,25.0000472426276,6462,25.0009824923602,7364,25.0049985916775,8000,24.9939716733347,8031
ESP,2022,homepos_h,math,29821,25.0006617022117,6448,25.0021266142268,7622,24.9982993496685,7890,24.998912333893,7861
ESP,2022,books_h,math,29793,25.0010255230551,6605,24.9998241333629,7515,24.9997755880266,7767,24.9993747555554,7906
ESP,2022,escs_cc,math,27637,25.0050929310774,6368,24.9994098866911,6885,24.9981271413105,7178,24.997370040921,7206
ESP,2022,escs_h_cc,math,27637,25.0019140863231,6392,25.0061612443348,6975,24.9933770531295,7166,24.9985476162127,7104
ESP,2022,escs_h_min3,math,29645,25.0054071286936,6834,24.9977873373294,7466,25.0057556394114,7686,24.9910498945656,7659
ESP,2025,escs,math,28561,25.0019534678407,6648,25.0013508658318,7270,25.0011555870547,7352,24.9955400792729,7291
ESP,2025,escs_h,math,28532,25.0051659270274,6600,24.9949711211669,7332,25.005191077699,7365,24.9946718741068,7235
ESP,2025,escs_pca,math,28532,25.0011790854136,6624,25.002088782206,7327,24.997554806509,7361,24.9991773258713,7220
ESP,2025,hisei_h,math,26900,25.003801534357,6625,24.9988265774222,6720,25.0041476250623,6813,24.9932242631585,6742
ESP,2025,pared_h,math,27813,25.0014665937615,6616,24.9991379315309,7209,24.9997476897949,7019,24.9996477849128,6969
ESP,2025,homepos,math,28996,25.0025707587287,6644,25.0027812383853,7197,24.9951914307281,7522,24.9994565721579,7633
ESP,2025,homepos_h,math,28876,25.0016275599356,6572,24.9985208862362,7199,25.001622228188,7632,24.9982293256401,7473
ESP,2025,books_h,math,28827,25.0000347757014,6728,25.0002835608873,7175,25.000749215853,7439,24.9989324475583,7485
ESP,2025,escs_cc,math,26021,25.0003409274277,6002,25.0009040017285,6703,25.001261339124,6707,24.9974937317199,6609
ESP,2025,escs_h_cc,math,26021,25.0087470799323,5960,24.9912967906908,6750,25.0090459978249,6710,24.990910131552,6601
ESP,2025,escs_h_min3,math,28561,25.0005821172566,6605,25.0006514741624,7344,24.9992795870866,7396,24.9994868214944,7216
EST,2022,escs,math,6291,25.0077451781232,1481,24.996294713486,1556,25.0020196412548,1602,24.9939404671361,1652
EST,2022,escs_h,math,6291,25.0116208793034,1481,24.9892894582174,1554,25.0322881639621,1602,24.9668014985171,1654
EST,2022,escs_pca,math,6291,25.0032073856051,1480,25.0079141271433,1551,24.9906657950522,1614,24.9982126921994,1646
EST,2022,hisei_h,math,5779,25.0104310935442,1369,24.998216296254,1436,25.0026416437994,1473,24.9887109664024,1501
EST,2022,pared_h,math,6277,25.0036276939587,1482,25.0179854044685,1563,24.9911154616407,1586,24.9872714399321,1646
EST,2022,homepos,math,6311,25.0011562967687,1509,25.0003826876158,1584,25.0042429168469,1566,24.9942180987686,1652
EST,2022,homepos_h,math,6311,25.0135486138409,1530,24.9875027099182,1581,25.0059497290362,1559,24.9929989472048,1641
EST,2022,books_h,math,6309,25.00423434652,1501,25.0058341365549,1566,24.9930097046902,1606,24.9969218122348,1636
EST,2022,escs_cc,math,5761,25.0105032544285,1356,24.9909183529304,1417,25.0070711812305,1469,24.9915072114105,1519
EST,2022,escs_h_cc,math,5761,25.0111255839901,1352,25.0002342768065,1421,24.9913141920723,1472,24.9973259471311,1516
EST,2022,escs_h_min3,math,6291,25.0099646611718,1484,25.0023461186762,1556,25.0002821083176,1598,24.9874071118345,1653
EST,2025,escs,math,6196,25.0020123831472,1512,25.0103724787223,1555,24.9994962002699,1562,24.9881189378607,1567
EST,2025,escs_h,math,6195,25.0090981525316,1509,25.0000140929925,1561,25.0014696492316,1564,24.9894181052443,1561
EST,2025,escs_pca,math,6195,25.0006402931018,1510,25.0039074571404,1561,25.0099711100774,1569,24.9854811396804,1555
EST,2025,hisei_h,math,5893,25.0147255689784,1432,25.0091995594218,1495,24.9895466905845,1487,24.9865281810153,1479
EST,2025,pared_h,math,6109,25.0102669549919,1502,25.0092252010969,1515,24.980520387736,1553,24.9999874561752,1539
EST,2025,homepos,math,6254,25.0171169597463,1564,24.9832038717326,1547,25.0053628958508,1575,24.9943162726703,1568
EST,2025,homepos_h,math,6247,25.008489150291,1566,24.9979938704854,1540,24.9978369713581,1571,24.9956800078655,1570
EST,2025,books_h,math,6246,25.0523662757118,1539,24.9522830883496,1541,25.0094528456193,1583,24.9858977903193,1583
EST,2025,escs_cc,math,5794,25.0103694921124,1414,25.0084993878797,1456,24.9846846961238,1461,24.9964464238841,1463
EST,2025,escs_h_cc,math,5794,25.007847654495,1416,25.0043873340799,1452,24.9947471307054,1467,24.9930178807197,1459
EST,2025,escs_h_min3,math,6196,25.0130656504779,1511,24.9959073848804,1560,24.9938813487432,1563,24.9971456158986,1562
FIN,2022,escs,math,9931,25.0016985302926,2755,24.998307889629,2488,25.0068118846929,2374,24.9931816953856,2314
FIN,2022,escs_h,math,9919,25.0030087065066,2702,24.9981050062217,2504,25.0008146800684,2367,24.9980716072034,2346
FIN,2022,escs_pca,math,9919,25.0022195632788,2686,25.0018503630777,2529,25.0044487997353,2369,24.9914812739083,2335
FIN,2022,hisei_h,math,9158,25.0020182531146,2469,25.0056652960862,2197,25.0037905727743,2220,24.9885258780248,2272
FIN,2022,pared_h,math,9878,25.0100497694256,2479,24.9964079468659,2463,25.0081119197854,2489,24.9854303639232,2447
FIN,2022,homepos,math,10061,25.0069533623453,3035,24.997068109926,2434,25.0047406983122,2308,24.9912378294165,2284
FIN,2022,homepos_h,math,10023,25.0100816721515,2958,25.0052802187621,2439,24.985782764286,2297,24.9988553448004,2329
FIN,2022,books_h,math,9997,25.0027332700443,2835,25.0032139198402,2408,25.0054449598052,2390,24.9886078503104,2364
FIN,2022,escs_cc,math,9087,25.0005850780428,2481,25.0077140195139,2270,25.0018932932055,2182,24.9898076092378,2154
FIN,2022,escs_h_cc,math,9087,25.0110342877278,2442,24.9914123261167,2287,25.0081734966524,2176,24.9893798895032,2182
FIN,2022,escs_h_min3,math,9932,25.006195446719,2702,25.0043496000798,2509,24.9962092620772,2376,24.993245691124,2345
FIN,2025,escs,math,7267,25.0094377485343,1774,24.9929950399804,1782,25.0097099462064,1816,24.987857265279,1895
FIN,2025,escs_h,math,7258,25.0077865906459,1767,25.0126255098526,1791,24.9834270090988,1807,24.9961608904027,1893
FIN,2025,escs_pca,math,7258,25.0003336303022,1762,25.0079643782523,1793,24.9995585665563,1813,24.9921434248892,1890
FIN,2025,hisei_h,math,6655,25.0096313913991,1621,24.9970041539558,1652,25.0032722785554,1671,24.9900921760898,1711
FIN,2025,pared_h,math,7171,25.0034303952917,1813,25.0099170374608,1788,24.9929800379576,1772,24.9936725292899,1798
FIN,2025,homepos,math,7479,25.0040698134229,1771,25.0009493270149,1817,25.0077406267535,1900,24.9872402328088,1991
FIN,2025,homepos_h,math,7451,25.0047136580938,1747,25.0000934292462,1804,25.0028920712731,1885,24.992300841387,2015
FIN,2025,books_h,math,7442,25.0015732648379,1790,25.0037630626925,1843,24.9999931894657,1892,24.994670483004,1917
FIN,2025,escs_cc,math,6551,25.0053327184368,1604,24.996540948873,1612,25.0077719378571,1625,24.9903543948332,1710
FIN,2025,escs_h_cc,math,6551,25.0007136724943,1598,25.0033759984267,1615,25.0000823888479,1631,24.9958279402311,1707
FIN,2025,escs_h_min3,math,7266,25.0091757586447,1764,24.9934526322374,1789,25.0088055957136,1817,24.9885660134044,1896
FRA,2022,escs,math,6572,25.0043950954173,1770,25.0059014205708,1627,25.0073966458662,1594,24.9823068381457,1581
FRA,2022,escs_h,math,6541,25.0125474893558,1758,24.9891896693019,1619,25.0093554399643,1583,24.9889074013779,1581
FRA,2022,escs_pca,math,6541,25.0153819686065,1747,24.9990463552243,1626,25.0039826976119,1588,24.9815889785573,1580
FRA,2022,hisei_h,math,5827,25.0143094967903,1531,24.9989116674442,1448,25.0005659123355,1416,24.98621292343,1432
FRA,2022,pared_h,math,6480,25.0073814148516,1685,25.0060123402716,1588,24.9970552134784,1599,24.9895510313984,1608
FRA,2022,homepos,math,6692,25.0008380787589,1841,25.0087128377788,1629,25.0011759806421,1612,24.9892731028202,1610
FRA,2022,homepos_h,math,6638,25.011542153493,1812,24.989834887219,1623,25.0051292624016,1596,24.9934936968863,1607
FRA,2022,books_h,math,6651,25.0043048379498,1808,25.0050224547986,1646,24.9931879718825,1599,24.9974847353692,1598
FRA,2022,escs_cc,math,5719,25.028463054417,1511,24.9716319173105,1412,25.0196177558642,1402,24.9802872724083,1394
FRA,2022,escs_h_cc,math,5719,25.006640039027,1506,24.9954008404024,1419,25.0052740203566,1393,24.9926851002141,1401
FRA,2022,escs_h_min3,math,6571,25.0013237448331,1777,25.0100736306533,1618,25.0021567151173,1589,24.9864459093963,1587
FRA,2025,escs,math,5899,25.00081939522,1482,25.0118081928362,1470,25.003454091425,1474,24.9839183205188,1473
FRA,2025,escs_h,math,5887,25.0166949806629,1479,25.0063438933199,1461,24.9777401974913,1476,24.9992209285259,1471
FRA,2025,escs_pca,math,5887,25.0144481103532,1477,24.9964230282257,1459,24.9974035695454,1480,24.9917252918758,1471
FRA,2025,hisei_h,math,5237,25.0002239511206,1311,25.0002605613366,1302,25.0164261961043,1309,24.9830892914385,1315
FRA,2025,pared_h,math,5612,25.0171182829787,1402,24.9840954480605,1403,25.0000033097199,1400,24.998782959241,1407
FRA,2025,homepos,math,6304,25.0127727831253,1600,24.9943358067571,1565,24.9938453893728,1561,24.9990460207448,1578
FRA,2025,homepos_h,math,6258,25.0050421110128,1587,25.0009605666803,1548,25.0051191691148,1556,24.9888781531921,1567
FRA,2025,books_h,math,6258,25.0067629951956,1586,24.9983918219779,1555,25.0054435586654,1558,24.9894016241611,1559
FRA,2025,escs_cc,math,4930,25.0010223413113,1234,25.0129990459542,1230,24.9890985861534,1239,24.9968800265811,1227
FRA,2025,escs_h_cc,math,4930,25.000062855921,1232,25.0146231854698,1232,25.0034895177114,1237,24.9818244408979,1229
FRA,2025,escs_h_min3,math,5899,25.0034810478183,1481,24.9972964892749,1466,25.0073734883652,1477,24.9918489745415,1475
GBR,2022,escs,math,11084,25.0101166139352,2864,25.0070048760649,2805,24.9864427674179,2646,24.9964357425819,2769
GBR,2022,escs_h,math,11060,25.0166239209793,2767,24.9854692168476,2826,25.0003781983114,2647,24.9975286638617,2820
GBR,2022,escs_pca,math,11060,25.006658608468,2766,25.0051222126832,2836,24.9910583599143,2627,24.9971608189345,2831
GBR,2022,hisei_h,math,10104,25.0418174043141,2551,24.9582846310263,2525,25.0023854307606,2419,24.997512533899,2609
GBR,2022,pared_h,math,10688,25.0098093226246,2930,24.9923040493343,2661,25.0145681861935,2542,24.9833184418477,2555
GBR,2022,homepos,math,11487,25.0000240415191,2848,25.0125311413745,2845,25.0040751291716,2952,24.9833696879347,2842
GBR,2022,homepos_h,math,11416,25.0099393652772,2584,25.0081306144944,2819,24.9937404833848,3045,24.9881895368437,2968
GBR,2022,books_h,math,11419,25.0030574803146,2900,25.0028215534762,2890,24.9941313696574,2866,24.9999895965518,2763
GBR,2022,escs_cc,math,9685,25.0008019907623,2488,25.0298230803979,2499,24.9924312232178,2262,24.9769437056221,2436
GBR,2022,escs_h_cc,math,9685,25.0126438518312,2410,24.9989070482874,2476,25.0103871271502,2322,24.9780619727312,2477
GBR,2022,escs_h_min3,math,11083,25.0086157444497,2787,24.9979756253675,2800,25.0066623658611,2682,24.9867462643218,2814
GBR,2025,escs,math,13986,25.0075824228682,3367,24.9956343764459,3503,24.9978648004477,3489,24.9989184002382,3627
GBR,2025,escs_h,math,13975,25.0069028046152,3343,25.0022799056868,3518,24.9990451132697,3470,24.9917721764284,3644
GBR,2025,escs_pca,math,13975,25.0086713199149,3384,25.0004662518269,3477,24.9963673342893,3432,24.9944950939689,3682
GBR,2025,hisei_h,math,12749,25.0013808030953,3166,25.0002984170858,3163,24.999161100321,3128,24.999159679498,3292
GBR,2025,pared_h,math,12630,25.0073421784589,3095,24.9977205262447,3318,25.0021515304101,3120,24.9927857648863,3097
GBR,2025,homepos,math,14879,25.003939273255,3359,24.9993134954983,3588,25.0028384983921,3933,24.9939087328546,3999
GBR,2025,homepos_h,math,14820,25.0180027765299,3411,24.9884191107916,3505,24.9945947968409,3860,24.9989833158376,4044
GBR,2025,books_h,math,14820,25.0235755063129,3839,24.9968059052845,3633,24.9869760212648,3677,24.9926425671378,3671
GBR,2025,escs_cc,math,11366,25.0050649304056,2766,24.9969462219042,2842,24.9988414118798,2764,24.9991474358104,2994
GBR,2025,escs_h_cc,math,11366,25.008036441564,2765,25.001019771913,2836,25.0095871229634,2777,24.9813566635596,2988
GBR,2025,escs_h_min3,math,13986,25.0134517338673,3369,24.9998386488446,3485,24.9945755521297,3483,24.9921340651584,3649
GRC,2022,escs,math,6312,25.0166343985424,1530,24.9866012507278,1564,25.0075923787701,1601,24.9891719719597,1617
GRC,2022,escs_h,math,6300,25.0214000333479,1530,24.9801716113172,1563,25.0097554194399,1596,24.9886729358951,1611
GRC,2022,escs_pca,math,6300,25.0005834594457,1531,25.0074563349229,1563,24.9940143252304,1588,24.997945880401,1618
GRC,2022,hisei_h,math,5830,25.002099422056,1446,25.001311989633,1439,25.0039083817555,1469,24.9926802065556,1476
GRC,2022,pared_h,math,6305,25.011591598483,1531,24.9923614567456,1592,25.0152926664368,1588,24.9807542783346,1594
GRC,2022,homepos,math,6349,25.0007632377814,1522,25.0068410465254,1579,25.0032846840116,1619,24.9891110316816,1629
GRC,2022,homepos_h,math,6315,25.0030472411935,1525,24.9991973280685,1576,25.0086914311605,1595,24.9890639995775,1619
GRC,2022,books_h,math,6335,25.0022214558462,1532,25.0032278646153,1590,25.0029509507665,1609,24.991599728772,1604
GRC,2022,escs_cc,math,5805,25.0051702947049,1405,25.0089714471549,1445,24.9914345970352,1468,24.994423661105,1487
GRC,2022,escs_h_cc,math,5805,25.0007712730468,1409,25.0092904129942,1440,24.9989514872145,1468,24.9909868267446,1488
GRC,2022,escs_h_min3,math,6312,25.0018957372996,1532,25.0050862796563,1572,24.9954208739654,1587,24.9975971090788,1621
GRC,2025,escs,math,6560,25.0020277811435,1489,25.0085556541099,1638,24.9907612353125,1716,24.9986553294342,1717
GRC,2025,escs_h,math,6540,25.0138897402571,1474,24.9911815044728,1638,25.007047298585,1719,24.9878814566852,1709
GRC,2025,escs_pca,math,6540,25.0197566560673,1478,24.9806454704885,1632,25.0366493162746,1719,24.9629485571696,1711
GRC,2025,hisei_h,math,5967,25.0308612688789,1357,24.9804372559681,1513,24.9953957559721,1550,24.9933057191809,1547
GRC,2025,pared_h,math,6427,25.002881356462,1492,25.0006655187371,1602,24.9980924526581,1672,24.9983606721428,1661
GRC,2025,homepos,math,6770,25.0034123315909,1573,24.9999761342028,1731,25.0044764490416,1734,24.9921350851647,1732
GRC,2025,homepos_h,math,6715,25.0088354355246,1579,25.0029761324297,1704,24.9962851346455,1712,24.9919032974002,1720
GRC,2025,books_h,math,6724,25.0105088269771,1585,24.9937751609613,1673,25.0067127628216,1750,24.98900324924,1716
GRC,2025,escs_cc,math,5808,25.0044432391683,1332,24.9990963899928,1447,25.0004564852136,1519,24.9960038856253,1510
GRC,2025,escs_h_cc,math,5808,25.0102452119875,1327,25.0038738523356,1452,24.9904090712849,1521,24.9954718643921,1508
GRC,2025,escs_h_min3,math,6560,25.0148721774066,1489,24.9978296131489,1633,24.9949083609237,1726,24.9923898485208,1712
HUN,2022,escs,math,6011,25.0018917088399,1373,25.000569286573,1485,25.0026406638808,1566,24.9948983407063,1587
HUN,2022,escs_h,math,6001,25.0134781015262,1384,24.9896468332215,1476,25.0051151007561,1557,24.9917599644962,1584
HUN,2022,escs_pca,math,6001,25.0110906529531,1387,24.9977861582603,1470,25.0037497284581,1563,24.9873734603286,1581
HUN,2022,hisei_h,math,5628,25.000586759223,1276,25.0295187199946,1413,24.9708140768853,1461,24.9990804438971,1478
HUN,2022,pared_h,math,5995,25.0144616199596,1440,25.0001421474374,1498,24.988459020744,1523,24.996937211859,1534
HUN,2022,homepos,math,6049,25.0131596339781,1362,25.0011032743446,1523,24.9909349762031,1573,24.9948021154741,1591
HUN,2022,homepos_h,math,6022,25.0116729545278,1382,24.9927263421514,1502,25.0082927474875,1569,24.9873079558333,1569
HUN,2022,books_h,math,6043,25.0090134686158,1375,25.0026865323511,1514,24.992111609319,1573,24.9961883897141,1581
HUN,2022,escs_cc,math,5596,25.0174741571753,1284,24.9944518887856,1383,24.989519001819,1456,24.9985549522202,1473
HUN,2022,escs_h_cc,math,5596,25.0199323852728,1287,24.986848476516,1380,24.9991649651686,1456,24.9940541730426,1473
HUN,2022,escs_h_min3,math,6010,25.0156090364921,1386,24.99255702945,1478,25.0048249944731,1560,24.9870089395849,1586
HUN,2025,escs,math,6155,25.0065009996623,1474,25.0037172344786,1538,24.9901401313654,1548,24.9996416344938,1595
HUN,2025,escs_h,math,6148,25.0130233214267,1474,25.0033452777937,1539,24.9968331305867,1541,24.9867982701929,1594
HUN,2025,escs_pca,math,6148,25.0281285014542,1481,24.9745125445332,1530,25.0036467523334,1543,24.9937122016792,1594
HUN,2025,hisei_h,math,5716,25.0086940219303,1372,25.0033665959135,1429,24.9982290343554,1443,24.9897103478007,1472
HUN,2025,pared_h,math,6021,25.0124713520981,1463,24.9924210787053,1504,24.996470721194,1528,24.9986368480027,1526
HUN,2025,homepos,math,6271,25.0086718302088,1497,24.9933120693894,1571,25.0119410440649,1581,24.9860750563369,1622
HUN,2025,homepos_h,math,6237,25.0051611618666,1500,24.999071510353,1552,24.9991846058586,1572,24.9965827219218,1613
HUN,2025,books_h,math,6263,25.0038838193498,1481,25.0108259875064,1570,24.9888419007389,1593,24.9964482924049,1619
HUN,2025,escs_cc,math,5549,25.0107632062226,1341,25.0054709293594,1391,24.9890018327325,1384,24.9947640316856,1433
HUN,2025,escs_h_cc,math,5549,25.0187375630525,1342,24.9886196034869,1385,24.9963559708398,1386,24.9962868626209,1436
HUN,2025,escs_h_min3,math,6155,25.0163458019023,1476,24.9873939189345,1540,25.0116849987421,1543,24.9845752804211,1596
IRL,2022,escs,math,5520,25.0095764815406,1357,24.9993652541275,1372,24.9978348830038,1392,24.9932233813281,1399
IRL,2022,escs_h,math,5518,25.0141299230675,1350,24.9900855196997,1377,25.0035957215043,1387,24.9921888357285,1404
IRL,2022,escs_pca,math,5518,25.0009701300441,1351,25.00589971821,1374,24.9995969235256,1390,24.9935332282203,1403
IRL,2022,hisei_h,math,5396,25.0031791645171,1333,25.0118865812509,1348,24.9899356197719,1358,24.9949986344601,1357
IRL,2022,pared_h,math,5489,25.0059230360196,1357,25.0032432428745,1378,25.0082113150901,1377,24.9826224060158,1377
IRL,2022,homepos,math,5540,25.0175457048762,1360,24.9849923775199,1379,25.0042544184555,1404,24.9932074991485,1397
IRL,2022,homepos_h,math,5535,25.0074061152715,1355,25.0002169751854,1375,24.9981269805683,1399,24.9942499289749,1406
IRL,2022,books_h,math,5530,25.0115627456636,1359,24.9970520365337,1383,24.9975721852981,1389,24.9938130325046,1399
IRL,2022,escs_cc,math,5360,25.0193412912692,1320,24.9965735447732,1330,24.997598595279,1354,24.9864865686786,1356
IRL,2022,escs_h_cc,math,5360,25.0136225591838,1310,24.9924528182287,1340,24.9976924171227,1348,24.9962322054647,1362
IRL,2022,escs_h_min3,math,5520,25.0014687015101,1350,25.0047926116191,1377,25.0092819838046,1390,24.9844567030662,1403
IRL,2025,escs,math,6162,25.0123986008878,1527,24.994610526968,1547,24.9930448019657,1544,24.9999460701786,1544
IRL,2025,escs_h,math,6158,25.0041365975356,1525,25.0092627996752,1541,24.9887729530751,1544,24.997827649714,1548
IRL,2025,escs_pca,math,6158,25.0064765285261,1526,25.0091433602198,1547,24.9890086651874,1538,24.9953714460667,1547
IRL,2025,hisei_h,math,5885,25.0076556657788,1463,24.9976978131573,1475,25.0049693855327,1482,24.9896771355312,1465
IRL,2025,pared_h,math,5886,25.0198536878633,1470,24.9874647973329,1467,25.0024815901533,1475,24.9901999246505,1474
IRL,2025,homepos,math,6290,25.0048693775354,1553,25.0048110964859,1567,24.9974617989524,1584,24.9928577270264,1586
IRL,2025,homepos_h,math,6271,25.0081045159411,1545,24.993497126335,1565,25.0110492675668,1578,24.987349090157,1583
IRL,2025,books_h,math,6239,25.008756348128,1539,24.9984392729619,1559,25.0057459538356,1576,24.9870584250746,1565
IRL,2025,escs_cc,math,5586,25.0039753165353,1384,25.0026658268241,1401,25.0082635363979,1398,24.9850953202427,1403
IRL,2025,escs_h_cc,math,5586,25.0029375321972,1384,25.0040510281381,1400,25.00909829356,1396,24.9839131461047,1406
IRL,2025,escs_h_min3,math,6162,25.0059774939612,1528,25.0125456455634,1542,24.9936513643943,1544,24.987825496081,1548
ISL,2022,escs,math,3280,25.0266650244116,811,24.9894053552337,817,24.9970098454501,822,24.9869197749046,830
ISL,2022,escs_h,math,3276,25.0017690870692,810,25.0211357859639,817,25.0102193667258,823,24.9668757602411,826
ISL,2022,escs_pca,math,3276,25.0178733183029,809,25.0039568067591,819,25.0118198092039,822,24.9663500657341,826
ISL,2022,hisei_h,math,3025,25.0137074225889,745,25.0045791057165,758,25.0028500758706,764,24.9788633958239,758
ISL,2022,pared_h,math,3250,25.0047694556794,808,25.0092538500133,811,24.9905853644468,815,24.9953913298605,816
ISL,2022,homepos,math,3312,25.0072119909155,827,24.9968253799958,820,24.9961841793216,831,24.9997784497671,834
ISL,2022,homepos_h,math,3300,25.00839202466,825,25.0163156368236,820,25.004707249941,824,24.9705850885754,831
ISL,2022,books_h,math,3295,25.0057785072746,828,24.9988560946476,820,24.9996088876733,822,24.9957565104044,825
ISL,2022,escs_cc,math,2993,25.0329648881876,741,24.9671032933886,746,25.0022475385121,748,24.9976842799117,758
ISL,2022,escs_h_cc,math,2993,25.0319011006402,739,24.9802762838336,749,24.9976563874487,750,24.9901662280775,755
ISL,2022,escs_h_min3,math,3279,25.0228022551562,809,25.0060339723943,820,24.9894483712065,823,24.9817154012431,827
ISL,2025,escs,math,3553,25.0199023697111,884,24.9809757411056,890,25.0158035091371,887,24.9833183800462,892
ISL,2025,escs_h,math,3552,25.0167872107477,885,24.990860475021,890,25.0026143276284,882,24.9897379866028,895
ISL,2025,escs_pca,math,3552,25.0090806909526,884,25.0038519350076,891,25.0063874701089,884,24.980679903931,893
ISL,2025,hisei_h,math,3159,25.0249465833014,789,24.9991437399307,787,24.9842776057096,790,24.9916320710583,793
ISL,2025,pared_h,math,3293,25.0196084846948,824,24.9853393111506,820,25.007665096568,826,24.9873871075867,823
ISL,2025,homepos,math,3867,25.0040487766186,966,25.0145393376254,966,24.9833773255612,968,24.9980345601948,967
ISL,2025,homepos_h,math,3851,25.0112345611106,962,25.0083187687593,957,24.9976448343349,966,24.9828018357952,966
ISL,2025,books_h,math,3831,25.0087259128995,951,24.9947103357413,959,25.0140692847473,961,24.9824944666119,960
ISL,2025,escs_cc,math,2893,25.0137120193842,721,25.0121527561071,724,24.9743586752417,721,24.999776549267,727
ISL,2025,escs_h_cc,math,2893,25.0250792351473,721,24.9941672119664,724,24.9974293472878,720,24.9833242055985,728
ISL,2025,escs_h_min3,math,3553,25.0241055624347,887,24.9802445686538,888,25.0248868577553,885,24.9707630111563,893
ISR,2022,escs,math,6009,25.0032476070673,1555,24.9983894476285,1533,25.0128926412505,1484,24.9854703040537,1437
ISR,2022,escs_h,math,5889,25.0090770476013,1510,25.0126750863052,1489,24.9900740391602,1446,24.9881738269334,1444
ISR,2022,escs_pca,math,5889,25.0068987865819,1510,25.0013608834475,1504,24.9998990125561,1415,24.9918413174146,1460
ISR,2022,hisei_h,math,5520,25.0072816791327,1428,24.9967124393443,1389,25.0037589454741,1361,24.9922469360489,1342
ISR,2022,pared_h,math,5969,25.0145729901866,1537,24.9921532810647,1508,25.002596489209,1444,24.9906772395397,1480
ISR,2022,homepos,math,6082,25.0000119095212,1563,25.0094687878344,1532,24.9984579898403,1522,24.9920613128041,1465
ISR,2022,homepos_h,math,5030,25.0117694288199,1251,24.9943481536165,1253,24.9964974739144,1252,24.9973849436492,1274
ISR,2022,books_h,math,6041,25.0085774948126,1565,24.9936133053139,1549,25.0063873437333,1524,24.9914218561402,1403
ISR,2022,escs_cc,math,4580,25.0093600685051,1175,25.0092090167128,1161,24.9851683440943,1132,24.9962625706879,1112
ISR,2022,escs_h_cc,math,4580,25.0028161207665,1172,25.0079222093295,1150,25.0016883202085,1119,24.9875733496955,1139
ISR,2022,escs_h_min3,math,6002,25.0054640325622,1547,25.0057180789477,1530,24.9897791531857,1469,24.9990387353044,1456
ISR,2025,escs,math,5874,25.0152994109063,1430,24.9916065089724,1473,25.0029262245507,1491,24.9901678555707,1480
ISR,2025,escs_h,math,5695,25.0016905996029,1390,25.0074325866345,1420,24.9962738556309,1444,24.9946029581317,1441
ISR,2025,escs_pca,math,5695,25.0184745938201,1401,24.9901116703259,1403,25.01073446467,1435,24.9806792711841,1456
ISR,2025,hisei_h,math,5037,25.0057603515441,1220,24.9996094689627,1242,25.0027245707296,1284,24.9919056087636,1291
ISR,2025,pared_h,math,5443,25.010224680654,1327,24.9966424261517,1372,25.010681167192,1370,24.9824517260023,1374
ISR,2025,homepos,math,6630,25.0084296299273,1652,24.9973647610605,1691,25.0037089506431,1635,24.9904966583692,1652
ISR,2025,homepos_h,math,5628,25.0020631608887,1407,25.0081897865064,1410,24.9962042146412,1398,24.9935428379637,1413
ISR,2025,books_h,math,6541,25.0040548622061,1663,25.006029212373,1639,25.0020719617691,1637,24.9878439636519,1602
ISR,2025,escs_cc,math,3944,25.0015686358874,962,25.004694125292,998,25.0023796322903,993,24.9913576065303,991
ISR,2025,escs_h_cc,math,3944,25.0073250784709,961,25.00604530296,990,24.9929784829071,998,24.9936511356621,995
ISR,2025,escs_h_min3,math,5872,25.0094148519471,1438,24.9975313628612,1467,24.997903703182,1468,24.9951500820097,1499
ITA,2022,escs,math,10451,25.004063358187,2515,25.0055060646902,2706,25.0013692255925,2756,24.9890613515303,2474
ITA,2022,escs_h,math,10445,25.0081858694914,2484,25.0048948649411,2692,24.9928695033726,2751,24.994049762195,2518
ITA,2022,escs_pca,math,10445,25.0014550069134,2493,24.999054187847,2686,25.0007272199951,2758,24.9987635852444,2508
ITA,2022,hisei_h,math,9970,25.0000217616937,2514,25.01330289967,2433,24.9977161043483,2619,24.988959234288,2404
ITA,2022,pared_h,math,10395,25.0082750430644,2700,24.9968480034331,2591,25.0119834448453,2503,24.9828935086573,2601
ITA,2022,homepos,math,10503,25.0039355085004,2525,25.0090209353035,2653,24.995170729326,2649,24.9918728268701,2676
ITA,2022,homepos_h,math,10486,25.0041361660105,2503,25.0026864364225,2567,25.0070115069911,2587,24.9861658905758,2829
ITA,2022,books_h,math,10487,25.0095646296554,2587,24.9916633585492,2602,25.0106467608193,2665,24.9881252509762,2633
ITA,2022,escs_cc,math,9909,25.0066603975886,2385,24.9963122186126,2565,25.0086646347819,2610,24.9883627490169,2349
ITA,2022,escs_h_cc,math,9909,25.0039011209056,2358,25.0091471042473,2550,25.0005313051428,2605,24.9864204697044,2396
ITA,2022,escs_h_min3,math,10451,25.0073232785191,2492,25.0029344754173,2687,25.0011129388162,2756,24.9886293072474,2516
ITA,2025,escs,math,8693,25.0013145600594,1990,25.012153714039,2247,24.9954393629209,2340,24.9910923629808,2116
ITA,2025,escs_h,math,8688,25.002904619748,1969,25.0058652547518,2247,25.0069721704881,2361,24.9842579550121,2111
ITA,2025,escs_pca,math,8688,25.0039973537585,1975,25.0086791086835,2241,24.9908045837208,2361,24.9965189538372,2111
ITA,2025,hisei_h,math,8030,25.007127641701,1966,25.005676965088,2020,25.0013085634831,2083,24.9858868297279,1961
ITA,2025,pared_h,math,8469,25.0036502628137,2052,25.0082211396799,2275,24.9995361260111,2061,24.9885924714953,2081
ITA,2025,homepos,math,8864,25.0072407566498,2054,25.0070628823689,2234,24.9867589129274,2250,24.9989374480539,2326
ITA,2025,homepos_h,math,8844,25.0118304119317,2039,24.9970006717669,2175,24.9952421975026,2238,24.9959267187988,2392
ITA,2025,books_h,math,8847,25.002875005925,2162,25.0094448983075,2227,24.9885668197221,2260,24.9991132760454,2198
ITA,2025,escs_cc,math,7774,25.0152023155304,1778,24.9987295726718,2034,25.0000112747634,2098,24.9860568370344,1864
ITA,2025,escs_h_cc,math,7774,25.0005486208705,1778,25.0050817968474,2011,24.9992146907329,2117,24.9951548915492,1868
ITA,2025,escs_h_min3,math,8693,25.0016353044405,1988,25.0103106817251,2214,24.9968455322035,2385,24.9912084816309,2106
JPN,2022,escs,math,5689,25.0214995455635,1474,24.9821283276504,1425,25.0087635341279,1407,24.9876085926582,1383
JPN,2022,escs_h,math,5686,25.0199185645668,1472,24.9818539021057,1431,25.0116385365241,1405,24.9865889968035,1378
JPN,2022,escs_pca,math,5686,25.002621997928,1470,25.0059924164972,1432,24.9939930344927,1406,24.997392551082,1378
JPN,2022,hisei_h,math,5337,25.0062892000705,1374,25.0020645802185,1328,24.9950591790783,1319,24.9965870406328,1316
JPN,2022,pared_h,math,5638,25.0159041113056,1461,24.9919218367154,1407,24.9947455092246,1376,24.9974285427544,1394
JPN,2022,homepos,math,5741,25.0111940351272,1463,24.9956726262417,1433,25.0044207228773,1434,24.9887126157539,1411
JPN,2022,homepos_h,math,5735,25.0264166527658,1454,24.9763760723349,1440,25.0016240152004,1422,24.9955832596989,1419
JPN,2022,books_h,math,5730,25.0122661151068,1445,24.9963483946673,1437,24.9949109699648,1425,24.9964745202611,1423
JPN,2022,escs_cc,math,5283,25.0096377157538,1366,24.9973687822956,1324,25.0216736136959,1313,24.9713198882547,1280
JPN,2022,escs_h_cc,math,5283,25.0099531563392,1367,24.9905834097379,1328,25.0049892250765,1309,24.9944742088463,1279
JPN,2022,escs_h_min3,math,5689,25.01409710557,1475,25.0052676960178,1429,24.9831287646944,1405,24.9975064337178,1380
JPN,2025,escs,math,6310,25.002933162417,1574,25.0079686086221,1586,24.9945084604371,1577,24.9945897685238,1573
JPN,2025,escs_h,math,6309,25.0044973579432,1569,25.0084597007403,1588,24.9981558945292,1576,24.9888870467873,1576
JPN,2025,escs_pca,math,6309,25.0027479759133,1569,25.0047259673685,1590,24.9977038130875,1579,24.9948222436307,1571
JPN,2025,hisei_h,math,5645,25.0070499472547,1411,25.0038346753996,1419,25.0034176417415,1415,24.9856977356042,1400
JPN,2025,pared_h,math,6189,25.0012943124017,1536,25.0086821831308,1557,24.9910726860545,1552,24.998950818413,1544
JPN,2025,homepos,math,6450,25.00938279553,1617,24.9955630963641,1613,25.0080343149279,1607,24.987019793178,1613
JPN,2025,homepos_h,math,6439,25.0136336159924,1604,24.9977490261773,1617,24.9900063543887,1619,24.9986110034416,1599
JPN,2025,books_h,math,6417,25.005523519331,1611,25.007486860428,1596,24.9897991189156,1611,24.9971905013255,1599
JPN,2025,escs_cc,math,5514,25.0068461666278,1378,24.9955245213603,1385,25.0039144693574,1380,24.9937148426544,1371
JPN,2025,escs_h_cc,math,5514,25.0130001827246,1374,24.9960656449763,1389,24.9965557599994,1374,24.9943784122997,1377
JPN,2025,escs_h_min3,math,6310,25.014073029501,1570,24.9914133777442,1588,24.9993551982749,1578,24.9951583944798,1574
KOR,2022,escs,math,6391,25.0146762544751,1569,24.9947027677336,1619,25.0010435869918,1564,24.9895773907996,1639
KOR,2022,escs_h,math,6389,25.0116560582854,1574,25.0004978913871,1611,24.9957922323109,1562,24.9920538180166,1642
KOR,2022,escs_pca,math,6389,25.0119887227761,1581,24.9945112908024,1599,25.0211392377211,1562,24.9723607487005,1647
KOR,2022,hisei_h,math,6146,25.0121019114507,1519,24.9953052868872,1517,24.9981501064633,1529,24.9944426951988,1581
KOR,2022,pared_h,math,6373,25.0059398579646,1577,24.998228676029,1630,25.069443400566,1591,24.9263880654403,1575
KOR,2022,homepos,math,6403,25.102294232727,1573,24.9163533286178,1632,24.9854432983291,1553,24.9959091403261,1645
KOR,2022,homepos_h,math,6396,25.0049516443713,1583,24.9961800227964,1595,25.0032676444789,1598,24.9956006883534,1620
KOR,2022,books_h,math,6401,25.0048092969596,1579,25.0034285304379,1553,24.996102241038,1655,24.9956599315645,1614
KOR,2022,escs_cc,math,6123,25.0007969202183,1522,25.0018218801992,1552,24.9982996146484,1498,24.999081584934,1551
KOR,2022,escs_h_cc,math,6123,25.0031764856687,1526,25.0040738221809,1556,25.0034910376724,1481,24.9892586544781,1560
KOR,2022,escs_h_min3,math,6391,25.0042853879439,1570,24.9962018850964,1625,25.0130304888983,1553,24.9864822380614,1643
KOR,2025,escs,math,6691,25.013659357486,1592,24.9927128482715,1710,25.0021056332044,1636,24.9915221610382,1753
KOR,2025,escs_h,math,6690,25.0026702554241,1589,25.0383523435747,1680,24.9635554354861,1656,24.9954219655151,1765
KOR,2025,escs_pca,math,6690,25.0003035871709,1592,25.0068453696226,1696,24.9980112717479,1634,24.9948397714587,1768
KOR,2025,hisei_h,math,5778,25.0122047732652,1411,24.9893022652198,1447,25.0255745161525,1463,24.9729184453626,1457
KOR,2025,pared_h,math,6601,25.0053638059662,1562,25.0130497338118,1666,24.9945570146474,1702,24.9870294455746,1671
KOR,2025,homepos,math,6799,25.0121899853501,1650,25.0000263217847,1684,24.9966795079966,1733,24.9911041848686,1732
KOR,2025,homepos_h,math,6788,25.0035434854923,1649,25.0042325088852,1678,24.9932255844988,1705,24.9989984211238,1756
KOR,2025,books_h,math,6787,25.0436325557808,1655,24.9667146393545,1686,24.9953935232149,1689,24.9942592816497,1757
KOR,2025,escs_cc,math,5680,25.0329593014518,1350,24.9694134061246,1459,25.0087592787808,1386,24.9888680136428,1485
KOR,2025,escs_h_cc,math,5680,25.0579730537272,1360,24.948292668369,1438,25.0027517916389,1379,24.9909824862649,1503
KOR,2025,escs_h_min3,math,6691,25.0077373467096,1584,25.0017029489054,1696,24.9935883482255,1639,24.9969713561595,1772
LTU,2022,escs,math,7023,25.0085517437798,1788,25.0101945650565,1794,24.9825150619394,1731,24.9987386292243,1710
LTU,2022,escs_h,math,7018,25.0048091126688,1799,24.9959396030494,1779,25.0067550713161,1727,24.9924962129657,1713
LTU,2022,escs_pca,math,7018,25.0002266788174,1783,25.0100166501991,1799,25.0094721103318,1733,24.9802845606517,1703
LTU,2022,hisei_h,math,5982,25.013136468829,1527,24.9880187313131,1492,25.0036683588252,1493,24.9951764410327,1470
LTU,2022,pared_h,math,6913,25.0092827572195,1787,25.0018270309188,1736,24.9951285082486,1704,24.9937617036132,1686
LTU,2022,homepos,math,7186,25.0056182793888,1838,25.0099847243931,1798,24.9944230785982,1768,24.9899739176199,1782
LTU,2022,homepos_h,math,7155,25.010873866027,1828,25.0059544787799,1784,24.985230024771,1765,24.9979416304222,1778
LTU,2022,books_h,math,7173,25.018212764681,1845,24.9911012583725,1789,25.0074271333304,1783,24.9832588436161,1756
LTU,2022,escs_cc,math,5863,25.0077200255598,1489,25.0041997943965,1497,25.0052163596542,1452,24.9828638203895,1425
LTU,2022,escs_h_cc,math,5863,25.0093988239522,1493,25.0093659959017,1491,24.9884547285234,1438,24.9927804516228,1441
LTU,2022,escs_h_min3,math,7026,25.0096908190667,1795,24.9956382750917,1791,25.0003575104183,1734,24.9943133954234,1706
LTU,2025,escs,math,6887,25.0215381520087,1802,24.9901752679317,1734,25.0010944391934,1671,24.9871921408663,1680
LTU,2025,escs_h,math,6879,25.0051173841378,1812,25.0086850390233,1742,24.9949417444174,1656,24.9912558324216,1669
LTU,2025,escs_pca,math,6879,25.0116688792417,1808,24.9937473031084,1754,25.0045732195876,1672,24.9900105980623,1645
LTU,2025,hisei_h,math,3903,25.0493180315011,990,24.9529338134862,994,25.0059379599354,957,24.9918101950774,962
LTU,2025,pared_h,math,6714,25.0011596638414,1793,25.0107767358429,1683,24.9971078967742,1633,24.9909557035415,1605
LTU,2025,homepos,math,7531,25.0008388939322,1917,25.0113773613474,1871,24.9882979700546,1883,24.9994857746659,1860
LTU,2025,homepos_h,math,7489,25.0106597792513,1909,24.9893580787503,1880,25.0037436043461,1850,24.9962385376523,1850
LTU,2025,books_h,math,7503,25.0087222475374,1976,25.0086090905981,1855,24.9909575500751,1848,24.9917111117895,1824
LTU,2025,escs_cc,math,3716,25.0050544993584,967,25.0049140149702,934,24.9913688746591,902,24.9986626110123,913
LTU,2025,escs_h_cc,math,3716,25.0225545631854,971,24.9906711603744,923,25.0183839667193,906,24.9683903097209,916
LTU,2025,escs_h_min3,math,6887,25.0001480853037,1818,25.010013286781,1738,24.99418244732,1647,24.9956561805953,1684
LVA,2022,escs,math,5191,25.0068725288941,1282,25.0076264145545,1339,25.0152487007608,1295,24.9702523557907,1275
LVA,2022,escs_h,math,5186,25.0101276489355,1282,24.9965992405361,1331,25.0048621399046,1306,24.9884109706238,1267
LVA,2022,escs_pca,math,5186,25.009492620109,1279,25.000751475449,1337,24.9977873908193,1300,24.9919685136228,1270
LVA,2022,hisei_h,math,4570,25.0002857541014,1122,25.0155258564884,1164,24.9988503689971,1140,24.9853380204131,1144
LVA,2022,pared_h,math,5165,25.0201765907009,1280,24.9837791895314,1313,25.0079195792727,1287,24.988124640495,1285
LVA,2022,homepos,math,5245,25.0014247664084,1302,25.0065367642855,1337,25.0036707901552,1324,24.9883676791509,1282
LVA,2022,homepos_h,math,5235,25.0187735369467,1307,25.0011941839309,1331,24.9918324174662,1327,24.9881998616562,1270
LVA,2022,books_h,math,5238,25.0122191827975,1316,25.0024272706401,1320,24.9879751552282,1310,24.9973783913342,1292
LVA,2022,escs_cc,math,4543,25.0137991936252,1115,24.9918994864999,1173,25.0123195112004,1134,24.9819818086745,1121
LVA,2022,escs_h_cc,math,4543,25.0070487130482,1122,25.0132735742538,1159,24.9802874129132,1148,24.9993902997848,1114
LVA,2022,escs_h_min3,math,5190,25.0064421694891,1284,25.0039427405413,1333,24.9956989083401,1302,24.9939161816296,1271
LVA,2025,escs,math,6016,25.0117417388713,1534,25.0085815666202,1537,24.9799961007135,1498,24.999680593795,1447
LVA,2025,escs_h,math,6013,25.0111052921525,1536,25.0001267827667,1523,25.0070998749141,1510,24.9816680501667,1444
LVA,2025,escs_pca,math,6013,25.00790831568,1536,24.992506335358,1529,25.0129980484576,1505,24.9865873005043,1443
LVA,2025,hisei_h,math,5488,25.0222984875728,1403,24.9822117526591,1377,25.0068117015483,1354,24.9886780582198,1354
LVA,2025,pared_h,math,4388,25.0106943597789,1112,25.0066232203279,1120,25.0030565510472,1085,24.979625868846,1071
LVA,2025,homepos,math,6816,25.0214606900917,1738,24.994280070361,1719,24.99504683033,1706,24.9892124092173,1653
LVA,2025,homepos_h,math,6798,25.0077662940165,1744,24.9983802307743,1727,25.0055875688599,1679,24.9882659063493,1648
LVA,2025,books_h,math,6799,25.010896166908,1739,25.0023415681821,1709,24.9911768544449,1695,24.995585410465,1656
LVA,2025,escs_cc,math,3850,25.0087997153942,986,25.0018701308184,984,25.0211412480393,960,24.9681889057481,920
LVA,2025,escs_h_cc,math,3850,25.0092765361338,990,24.9928429801102,975,25.0142915757931,963,24.9835889079629,922
LVA,2025,escs_h_min3,math,6016,25.0221276510171,1539,24.9946791073286,1526,25.0052694125795,1503,24.9779238290748,1448
MEX,2022,escs,math,6270,25.0064202232656,1512,24.9995987913343,1587,24.9987425148061,1559,24.9952384705939,1612
MEX,2022,escs_h,math,6262,25.0065949809357,1514,25.0006382661567,1590,25.0002383827935,1557,24.9925283701141,1601
MEX,2022,escs_pca,math,6262,25.0018071799234,1522,24.9987056168569,1577,25.0077290685585,1559,24.9917581346612,1604
MEX,2022,hisei_h,math,6053,25.0010585882372,1456,25.0110279071176,1518,24.9990547895334,1546,24.9888587151118,1533
MEX,2022,pared_h,math,6263,25.0049196330829,1504,24.9992821832299,1576,25.0040926497062,1604,24.991705533981,1579
MEX,2022,homepos,math,6270,25.0084825693567,1551,25.0076103971366,1575,24.9873801620026,1553,24.9965268715042,1591
MEX,2022,homepos_h,math,6219,25.0036926847794,1561,25.011004382896,1532,24.9914800639317,1554,24.9938228683929,1572
MEX,2022,books_h,math,6258,25.0104140262566,1554,24.9991344232036,1552,25.0068818190811,1580,24.9835697314588,1572
MEX,2022,escs_cc,math,6001,25.0096836359756,1457,24.9969417978377,1523,25.0048424168416,1485,24.9885321493452,1536
MEX,2022,escs_h_cc,math,6001,25.010632913715,1458,25.0088939348931,1529,25.0317838651034,1482,24.9486892862885,1532
MEX,2022,escs_h_min3,math,6270,25.0004794105148,1517,25.0134633682742,1588,24.9985097475463,1563,24.9875474736647,1602
MEX,2025,escs,math,7669,25.0098074734305,1827,25.0102857122092,1939,24.9916298982268,1940,24.9882769161335,1963
MEX,2025,escs_h,math,7659,25.0108294455597,1818,24.995568551295,1943,24.9983598909115,1927,24.9952421122338,1971
MEX,2025,escs_pca,math,7659,25.0036516927294,1833,24.9963528246579,1923,25.010652023186,1935,24.9893434594268,1968
MEX,2025,hisei_h,math,7005,25.0036028128311,1685,25.0071233146797,1770,25.0050770092085,1775,24.9841968632808,1775
MEX,2025,pared_h,math,7466,25.0032878071901,1799,25.0071652270156,1893,24.9999537414828,1903,24.9895932243115,1871
MEX,2025,homepos,math,7818,25.0038693319966,1875,24.9963873250745,1944,25.0092001213281,1989,24.9905432216008,2010
MEX,2025,homepos_h,math,7796,25.016241930752,1863,24.9841980071658,1957,25.0088501810891,1974,24.9907098809932,2002
MEX,2025,books_h,math,7753,25.0089141998754,1856,24.9967516831529,1935,25.0057116497731,1982,24.9886224671986,1980
MEX,2025,escs_cc,math,6796,25.0035679153224,1624,25.0062226619583,1718,25.001246082819,1717,24.9889633399002,1737
MEX,2025,escs_h_cc,math,6796,25.0166976010097,1621,25.0088166245027,1719,24.9786059120713,1722,24.9958798624163,1734
MEX,2025,escs_h_min3,math,7669,25.0020707253809,1821,25.0043152456769,1949,24.9962240980448,1925,24.9973899308974,1974
NLD,2022,escs,math,4860,25.0096085476278,1243,24.9983067474064,1222,25.004078780666,1206,24.9880059242998,1189
NLD,2022,escs_h,math,4857,25.0111585936627,1240,24.9919292958853,1215,25.0119038757303,1214,24.9850082347217,1188
NLD,2022,escs_pca,math,4857,25.0040036881378,1241,25.0025653409621,1217,24.9960928087237,1212,24.9973381621765,1187
NLD,2022,hisei_h,math,4412,25.0153620133053,1120,24.9990909875984,1119,25.0031058086898,1090,24.9824411904065,1083
NLD,2022,pared_h,math,4794,25.0151427501328,1223,24.9952019342112,1196,25.0073821158187,1189,24.9822731998373,1186
NLD,2022,homepos,math,4935,25.0226306385721,1247,24.9850539694911,1246,25.0069419142974,1231,24.9853734776394,1211
NLD,2022,homepos_h,math,4923,25.020718505039,1222,24.993413414471,1263,24.9876647836782,1229,24.9982032968118,1209
NLD,2022,books_h,math,4914,25.0142763955414,1249,25.0025741844888,1239,24.9892141595986,1222,24.9939352603712,1204
NLD,2022,escs_cc,math,4344,25.0074999000334,1111,25.0047160396405,1092,24.9998851531462,1077,24.9878989071799,1064
NLD,2022,escs_h_cc,math,4344,25.0127662193425,1110,24.9921995009394,1085,25.0043060920239,1084,24.9907281876942,1065
NLD,2022,escs_h_min3,math,4861,25.0223401534558,1240,24.9873706661776,1218,25.0087474015603,1216,24.9815417788063,1187
NLD,2025,escs,math,6092,25.0117807780713,1480,24.9972385546166,1489,25.0032683596321,1539,24.98771230768,1584
NLD,2025,escs_h,math,5984,25.0139909053704,1452,24.996004047801,1467,25.004295221868,1521,24.9857098249606,1544
NLD,2025,escs_pca,math,5984,25.0116873010822,1453,25.009726629613,1468,24.9941178036043,1504,24.9844682657005,1559
NLD,2025,hisei_h,math,5482,25.0032040394053,1319,25.0228394642491,1345,24.9760880890458,1402,24.9978684072998,1416
NLD,2025,pared_h,math,5823,25.0093796716275,1420,24.9999685626367,1428,24.9934109401454,1483,24.9972408255904,1492
NLD,2025,homepos,math,6400,25.0097142183712,1578,25.0035973587255,1591,24.9912554685022,1601,24.9954329544011,1630
NLD,2025,homepos_h,math,6059,25.0091693002655,1499,25.0024273292827,1509,24.9953930141415,1503,24.9930103563103,1548
NLD,2025,books_h,math,6368,25.0170925770594,1556,24.9865489483808,1582,25.0038327454131,1607,24.9925257291467,1623
NLD,2025,escs_cc,math,5051,25.0080595212574,1223,25.0051447245591,1234,25.0015570824913,1279,24.9852386716921,1315
NLD,2025,escs_h_cc,math,5051,25.0112626317652,1218,25.0014546770105,1237,24.9979032983474,1280,24.9893793928769,1316
NLD,2025,escs_h_min3,math,6092,25.0055713725843,1466,25.0085281853388,1503,25.0042844729511,1533,24.9816159691258,1590
NOR,2022,escs,math,6210,25.0047081491282,1550,25.0044728667643,1539,24.9967972425307,1555,24.9940217415767,1566
NOR,2022,escs_h,math,6208,25.0122269007598,1543,24.9978163257393,1539,25.0047820306026,1553,24.9851747428982,1573
NOR,2022,escs_pca,math,6208,25.0061574014221,1543,24.9993025747971,1538,25.0012501900836,1555,24.9932898336971,1572
NOR,2022,hisei_h,math,5810,25.0106984916136,1445,24.9978342477324,1441,24.9937104392927,1460,24.9977568213613,1464
NOR,2022,pared_h,math,6118,25.0009251822741,1526,25.0096631544355,1537,24.9992216138391,1518,24.9901900494513,1537
NOR,2022,homepos,math,6315,25.0085830412991,1585,24.9932470246737,1574,25.0107994001543,1569,24.9873705338729,1587
NOR,2022,homepos_h,math,6301,25.003434077005,1557,25.0122753299916,1576,24.9904284560523,1586,24.993862136951,1582
NOR,2022,books_h,math,6279,25.0150891349334,1580,24.9974680408221,1583,25.0000585794583,1552,24.9873842447862,1564
NOR,2022,escs_cc,math,5708,25.0044554325823,1423,25.0088042932611,1415,24.9888191753969,1430,24.9979210987598,1440
NOR,2022,escs_h_cc,math,5708,25.0067074965867,1417,24.9936922155952,1418,25.0076191174138,1427,24.9919811704043,1446
NOR,2022,escs_h_min3,math,6210,25.0049921317802,1543,24.995783460049,1537,25.0014387268172,1557,24.9977856813536,1573
NOR,2025,escs,math,5950,25.0020164752333,1477,25.0110309897851,1480,24.9919326039134,1490,24.9950199310681,1503
NOR,2025,escs_h,math,5946,25.0183817798578,1475,24.9920082685138,1478,25.000093614018,1492,24.9895163376104,1501
NOR,2025,escs_pca,math,5946,25.0124026964309,1473,24.9954049648129,1482,24.9934713382446,1495,24.9987210005116,1496
NOR,2025,hisei_h,math,5371,25.0062492641834,1332,25.0022430312185,1345,25.0079329941677,1345,24.9835747104304,1349
NOR,2025,pared_h,math,5676,25.0001315807449,1411,25.0173410909564,1422,24.9970419663472,1430,24.9854853619516,1413
NOR,2025,homepos,math,6173,25.0047815605843,1533,25.0037510335402,1533,25.0057017323277,1555,24.9857656735479,1552
NOR,2025,homepos_h,math,6150,25.0152080208412,1528,24.9901971652027,1529,25.0033171448114,1550,24.9912776691448,1543
NOR,2025,books_h,math,6125,25.0096663885193,1533,24.9933324899827,1531,25.0095927326581,1530,24.9874083888399,1531
NOR,2025,escs_cc,math,5082,25.0074255277577,1261,24.9950181300165,1264,25.0088515011496,1272,24.9887048410762,1285
NOR,2025,escs_h_cc,math,5082,25.0017875461373,1259,24.9994865768406,1268,25.0170178165016,1271,24.9817080605206,1284
NOR,2025,escs_h_min3,math,5950,25.0096391365841,1474,24.9976548324721,1482,24.9961583846612,1492,24.9965476462826,1502
NZL,2022,escs,math,4434,25.0101675840727,1105,24.9943647264623,1095,24.999445463459,1120,24.996022226006,1114
NZL,2022,escs_h,math,4424,25.0207811790931,1101,24.9882611113823,1099,24.9950663358034,1116,24.9958913737213,1108
NZL,2022,escs_pca,math,4424,25.0135150935741,1096,24.9868527556331,1099,25.0153060350403,1119,24.9843261157526,1110
NZL,2022,hisei_h,math,4156,25.0024098935619,1025,24.9983555885015,1033,25.0026579827602,1053,24.9965765351764,1045
NZL,2022,pared_h,math,4151,25.0167850371179,1030,24.9934498757708,1029,25.013300046279,1052,24.9764650408323,1040
NZL,2022,homepos,math,4610,25.0159672216257,1142,24.9989060124687,1167,25.0039029557301,1146,24.9812238101755,1155
NZL,2022,homepos_h,math,4588,25.0004538330702,1145,25.0357720201061,1148,24.9792820149401,1151,24.9844921318836,1144
NZL,2022,books_h,math,4586,25.0002900575838,1130,25.0072087061788,1159,25.0035276389132,1159,24.9889735973243,1138
NZL,2022,escs_cc,math,3871,25.0088198253044,965,24.9925581873717,953,25.0130401695784,983,24.9855818177455,970
NZL,2022,escs_h_cc,math,3871,25.0179205027878,964,24.9860714481774,957,25.0193577094626,976,24.9766503395722,974
NZL,2022,escs_h_min3,math,4433,25.000604041263,1103,25.0004647689816,1099,25.0170370831363,1125,24.981894106619,1106
NZL,2025,escs,math,4491,25.0008786038156,1058,25.0210497904821,1095,24.9865544828796,1147,24.9915171228228,1191
NZL,2025,escs_h,math,4489,25.0238092285313,1058,24.9872763986073,1096,24.9979047580576,1154,24.9910096148038,1181
NZL,2025,escs_pca,math,4489,25.010609615569,1061,25.0119652859632,1093,24.9840074346332,1155,24.9934176638346,1180
NZL,2025,hisei_h,math,4093,25.0155436370318,979,24.9914726352902,1029,25.0143225106921,1030,24.9786612169859,1055
NZL,2025,pared_h,math,3891,25.0182077379586,932,24.9969723449291,959,25.0088372144554,1009,24.9759827026569,991
NZL,2025,homepos,math,4870,25.0015368133523,1153,25.0085307374946,1186,25.0071869971925,1245,24.9827454519606,1286
NZL,2025,homepos_h,math,4858,25.009215184208,1150,25.0024104763356,1180,24.9922828236916,1242,24.9960915157649,1286
NZL,2025,books_h,math,4842,25.0018016721553,1154,25.0050847746704,1219,25.0257043103981,1215,24.9674092427762,1254
NZL,2025,escs_cc,math,3484,25.0157400972988,825,25.0032560733531,851,25.0022214148641,889,24.978782414484,919
NZL,2025,escs_h_cc,math,3484,25.0213908461391,826,24.9942392277741,846,24.9886852900533,895,24.9956846360334,917
NZL,2025,escs_h_min3,math,4491,25.0256575166922,1063,24.9853118805343,1092,24.9965324039304,1153,24.9924981988432,1183
POL,2022,escs,math,5875,25.0101559639079,1368,24.9946900571501,1469,25.0005061192856,1507,24.9946478596564,1531
POL,2022,escs_h,math,5872,25.012768304809,1370,25.0021398471337,1478,24.9912081806882,1498,24.9938836673692,1526
POL,2022,escs_pca,math,5872,25.0076008363438,1383,24.9988737092275,1459,24.9981334732071,1500,24.9953919812216,1530
POL,2022,hisei_h,math,5320,25.0043933407051,1280,24.9973439472952,1304,25.0064711797873,1361,24.9917915322124,1375
POL,2022,pared_h,math,5817,25.0117874971536,1413,24.9921626230543,1426,25.0104630932422,1476,24.9855867865498,1502
POL,2022,homepos,math,5974,25.0144832124003,1418,24.9920053557156,1469,25.0042835960231,1534,24.9892278358611,1553
POL,2022,homepos_h,math,5959,25.0241389405891,1434,24.9805793754285,1471,25.0031627842922,1516,24.9921188996902,1538
POL,2022,books_h,math,5953,25.0137076251548,1427,24.9868028070035,1477,25.0035524810788,1508,24.9959370867628,1541
POL,2022,escs_cc,math,5262,25.0150832615739,1225,24.9976222267202,1323,24.9943651287178,1344,24.9929293829881,1370
POL,2022,escs_h_cc,math,5262,25.0064180902166,1232,25.0092138649269,1324,24.9902741485167,1340,24.9940938963397,1366
POL,2022,escs_h_min3,math,5875,25.0023860419465,1373,24.9981269826838,1469,25.0056332378468,1503,24.993853737523,1530
POL,2025,escs,math,6777,25.0029691920423,1617,25.0035314909296,1708,24.9988812189691,1716,24.994618098059,1736
POL,2025,escs_h,math,6771,25.0010804860549,1617,25.0104582564313,1707,25.0034038736532,1716,24.9850573838607,1731
POL,2025,escs_pca,math,6771,25.0076228641826,1627,24.9963186840466,1696,25.0037786534643,1717,24.9922797983064,1731
POL,2025,hisei_h,math,5767,25.0090485891322,1407,24.9994928550784,1437,25.0021558447111,1465,24.9893027110782,1458
POL,2025,pared_h,math,6707,25.0151903577021,1632,24.9926169117803,1663,25.0035540297008,1709,24.9886387008168,1703
POL,2025,homepos,math,6980,25.0059013688328,1683,24.9988626030504,1746,25.0063189138439,1774,24.988917114273,1777
POL,2025,homepos_h,math,6947,25.0118374317378,1665,24.9897595274055,1744,25.0024522057128,1767,24.995950835144,1771
POL,2025,books_h,math,6944,25.0015888152863,1682,25.0008603010901,1729,25.0112095571536,1772,24.9863413264701,1761
POL,2025,escs_cc,math,5681,25.0074345245287,1365,24.9938986118514,1428,25.0116903666485,1436,24.9869764969713,1452
POL,2025,escs_h_cc,math,5681,25.0057982763891,1371,24.9978560517501,1423,25.0083498407808,1440,24.98799583108,1447
POL,2025,escs_h_min3,math,6777,25.0127937847748,1626,24.9939939541675,1700,25.0036848854482,1722,24.9895273756095,1729
PRT,2022,escs,math,6674,25.0081037717223,1622,24.9949567705258,1672,25.0075863493953,1675,24.9893531083565,1705
PRT,2022,escs_h,math,6668,25.0048222296117,1614,25.0013941141832,1663,24.9982540527785,1692,24.9955296034266,1699
PRT,2022,escs_pca,math,6668,25.0115888265242,1621,24.9921067910318,1662,25.0086449984899,1688,24.9876593839541,1697
PRT,2022,hisei_h,math,6366,25.0048472042189,1559,25.0127438739681,1592,24.9900547491411,1606,24.9923541726719,1609
PRT,2022,pared_h,math,6607,25.0224520961589,1629,24.9819322890015,1656,25.0194268442623,1672,24.9761887705774,1650
PRT,2022,homepos,math,6717,25.0126463196845,1610,24.9984254395146,1660,25.0055215779578,1737,24.9834066628431,1710
PRT,2022,homepos_h,math,6702,25.0085785946655,1585,24.9914314532751,1672,25.0046454611295,1735,24.9953444909299,1710
PRT,2022,books_h,math,6699,25.0092049401684,1618,24.9907961522733,1668,25.0100022650582,1723,24.9899966425001,1690
PRT,2022,escs_cc,math,6298,25.0021554966573,1535,25.0074423004725,1580,24.9917736254188,1579,24.9986285774514,1604
PRT,2022,escs_h_cc,math,6298,25.0062499475018,1530,25.0027798690106,1572,25.006625327443,1594,24.9843448560446,1602
PRT,2022,escs_h_min3,math,6674,25.0162450139592,1617,24.9893583738555,1658,25.003113017852,1697,24.9912835943334,1702
PRT,2025,escs,math,6590,25.0075135032124,1588,24.9985285435083,1648,25.0003800101556,1667,24.9935779431237,1687
PRT,2025,escs_h,math,6585,25.0014143926849,1578,25.0095710385021,1650,25.0010268291374,1671,24.9879877396755,1686
PRT,2025,escs_pca,math,6585,25.0035111865086,1589,24.99675217505,1639,25.0088706019071,1668,24.9908660365343,1689
PRT,2025,hisei_h,math,5506,25.003316287995,1333,25.0315505306076,1382,24.9753363980622,1391,24.9897967833353,1400
PRT,2025,pared_h,math,6343,25.0039191369173,1539,25.0161172675072,1597,24.980284497616,1598,24.9996790979596,1609
PRT,2025,homepos,math,6820,25.0015342084278,1626,25.0112542109529,1721,24.9909312411455,1721,24.9962803394738,1752
PRT,2025,homepos_h,math,6806,25.0018953382033,1629,25.0034906101093,1703,24.9974702509067,1732,24.9971438007807,1742
PRT,2025,books_h,math,6792,25.0025466857379,1629,25.0078481142044,1684,24.9948467569143,1751,24.9947584431434,1728
PRT,2025,escs_cc,math,5245,25.0085781156611,1265,25.0013195462711,1312,24.9951897038343,1332,24.9949126342336,1336
PRT,2025,escs_h_cc,math,5245,25.0157089998362,1260,24.9853478064384,1320,25.0038635777517,1321,24.9950796159737,1344
PRT,2025,escs_h_min3,math,6590,25.0178300426779,1582,24.9857119217488,1652,25.0029560385029,1670,24.9935019970705,1686
SVK,2022,escs,math,5736,25.0114214418091,1336,24.9956522362021,1428,25.0032340089942,1477,24.9896923129946,1495
SVK,2022,escs_h,math,5702,25.0052605045856,1335,25.0055146648425,1424,25.0102941526738,1459,24.978930677898,1484
SVK,2022,escs_pca,math,5702,25.0003701002792,1329,25.0123585559538,1432,24.9995146650411,1452,24.9877566787259,1489
SVK,2022,hisei_h,math,5232,25.0171089936535,1223,24.9918838211967,1301,25.0032094989222,1354,24.9877976862276,1354
SVK,2022,pared_h,math,5735,25.0056405671754,1391,25.0027921972011,1415,25.0003873882895,1453,24.9911798473341,1476
SVK,2022,homepos,math,5760,25.0048730524606,1334,24.9993023550565,1459,24.999921794942,1479,24.9959027975409,1488
SVK,2022,homepos_h,math,5663,25.0072220769473,1322,24.9982316259264,1440,25.0014927479263,1440,24.9930535492,1461
SVK,2022,books_h,math,5742,25.0096162859413,1353,24.9972604462696,1447,25.0049004897018,1466,24.9882227780873,1476
SVK,2022,escs_cc,math,5170,25.01318009396,1198,24.9984448995032,1296,24.9947253060564,1329,24.9936497004804,1347
SVK,2022,escs_h_cc,math,5170,25.0092911501517,1206,24.9937235265793,1292,25.0112032056654,1327,24.9857821176036,1345
SVK,2022,escs_h_min3,math,5736,25.0220869970411,1343,24.9864057446201,1434,25.0100914147223,1465,24.9814158436165,1494
SVK,2025,escs,math,6362,25.0001776775892,1563,25.0121977585987,1603,24.993550340381,1611,24.9940742234311,1585
SVK,2025,escs_h,math,6331,25.0203807759232,1549,24.9877291521714,1591,24.9969207685533,1615,24.9949693033521,1576
SVK,2025,escs_pca,math,6331,25.0014008736285,1547,25.0095722017892,1594,24.9892995911075,1623,24.9997273334749,1567
SVK,2025,hisei_h,math,5800,25.0052715259366,1413,25.0041678690551,1475,25.0019536091347,1465,24.9886069958736,1447
SVK,2025,pared_h,math,6255,25.0031691965583,1550,24.9987405654422,1558,24.9982755857823,1570,24.9998146522172,1577
SVK,2025,homepos,math,6594,25.0195238948078,1641,24.9877001895781,1650,24.9989674806505,1643,24.9938084349636,1660
SVK,2025,homepos_h,math,6514,25.0091998669527,1618,25.0019297215339,1636,24.9944962871099,1634,24.9943741244035,1626
SVK,2025,books_h,math,6575,25.0002187202062,1614,25.0061892954114,1658,25.0089740727344,1669,24.9846179116481,1634
SVK,2025,escs_cc,math,5656,25.0060480627897,1393,25.0076631954722,1423,25.0017240819678,1432,24.9845646597703,1408
SVK,2025,escs_h_cc,math,5656,25.0063889516767,1392,25.0001567496968,1425,25.0043512615298,1438,24.9891030370966,1401
SVK,2025,escs_h_min3,math,6362,25.0091632096283,1560,24.9976440666308,1595,25.0170023275354,1626,24.9761903962054,1581
SVN,2022,escs,math,6592,25.0010911197751,1838,25.0032994856625,1726,25.0264777433114,1595,24.969131651251,1433
SVN,2022,escs_h,math,6589,25.0091145017488,1836,24.9976517738191,1711,25.0193416404448,1567,24.9738920839873,1475
SVN,2022,escs_pca,math,6589,25.0101171857701,1837,24.9930088896561,1706,25.0182019214962,1591,24.9786720030776,1455
SVN,2022,hisei_h,math,6112,25.0139439790505,1754,24.9997239615639,1578,24.9922372251381,1410,24.9940948342475,1370
SVN,2022,pared_h,math,6579,25.0286511172745,1751,24.9801933584117,1696,25.0065370266305,1548,24.9846184976833,1584
SVN,2022,homepos,math,6629,25.0055014570422,1806,25.0122729734835,1661,24.9844537440946,1625,24.9977718253797,1537
SVN,2022,homepos_h,math,6617,25.0086682073599,1762,25.0008892468375,1648,25.0014137480085,1614,24.9890287977942,1593
SVN,2022,books_h,math,6616,25.007477823546,1847,25.0129313151156,1638,24.991199665691,1617,24.9883911956475,1514
SVN,2022,escs_cc,math,6094,25.0148050895166,1696,24.9884146167701,1601,25.0161001477079,1470,24.9806801460055,1327
SVN,2022,escs_h_cc,math,6094,25.0106484973053,1703,24.9941896385726,1577,25.0174528675861,1456,24.9777089965361,1358
SVN,2022,escs_h_min3,math,6592,25.0221117480713,1844,25.0072611589116,1701,24.9797465248962,1568,24.9908805681209,1479
SVN,2025,escs,math,6820,25.0276426784582,1820,24.9916479990005,1761,25.0030522467681,1629,24.9776570757732,1610
SVN,2025,escs_h,math,6802,25.006057067899,1805,25.0077825989231,1766,24.9999514081346,1642,24.9862089250434,1589
SVN,2025,escs_pca,math,6802,25.0116524990306,1829,25.025525997539,1737,24.9829931084351,1639,24.9798283949952,1597
SVN,2025,hisei_h,math,5193,25.009628439221,1405,25.0036638609194,1358,24.9903574959128,1227,24.9963502039468,1203
SVN,2025,pared_h,math,6667,25.0040588612469,1781,25.0092349970057,1671,24.9944768652152,1620,24.9922292765322,1595
SVN,2025,homepos,math,7181,25.0283838062067,1839,24.9886297925594,1744,24.9868688197013,1814,24.9961175815327,1784
SVN,2025,homepos_h,math,7120,25.0022906867376,1801,25.0078417692071,1786,25.0007118909372,1767,24.9891556531181,1766
SVN,2025,books_h,math,7145,25.008619016585,1899,24.9952842577409,1818,25.0199332199258,1740,24.9761635057484,1688
SVN,2025,escs_cc,math,5013,25.0296014355275,1355,25.0330360703221,1284,24.9472366161718,1203,24.9901258779786,1171
SVN,2025,escs_h_cc,math,5013,25.0139188076776,1348,24.9863138872927,1293,25.0025223266718,1205,24.9972449783579,1167
SVN,2025,escs_h_min3,math,6820,25.0053344306312,1798,25.0003444937329,1761,24.995130700732,1671,24.9991903749039,1590
SWE,2022,escs,math,5884,25.0146123315126,1457,25.0000308879082,1473,24.9903466899129,1471,24.9950100906663,1483
SWE,2022,escs_h,math,5877,25.0132679895766,1456,24.995634552715,1467,24.9995655628665,1475,24.9915318948419,1479
SWE,2022,escs_pca,math,5877,25.0127950362993,1455,25.002320560737,1471,24.985738748501,1470,24.9991456544628,1481
SWE,2022,hisei_h,math,5387,25.0092175613292,1333,24.990820749432,1353,25.0049388969249,1349,24.995022792314,1352
SWE,2022,pared_h,math,5827,25.0044439769237,1445,25.0011907258538,1465,25.0136449132197,1461,24.9807203840028,1456
SWE,2022,homepos,math,5962,25.0121260489936,1475,25.0029056878199,1482,25.0007834911348,1505,24.9841847720517,1500
SWE,2022,homepos_h,math,5935,25.0076713064212,1468,24.9999311409177,1479,24.9992762851732,1492,24.993121267488,1496
SWE,2022,books_h,math,5942,25.0100578839236,1462,24.9939181712341,1495,25.0102683741454,1489,24.985755570697,1496
SWE,2022,escs_cc,math,5312,25.0077315401547,1318,25.0002220737683,1329,25.0005727010121,1327,24.9914736850649,1338
SWE,2022,escs_h_cc,math,5312,25.017496782682,1316,24.9892760214887,1328,25.0133474843773,1333,24.9798797114521,1335
SWE,2022,escs_h_min3,math,5887,25.0013718957598,1457,25.0098382097301,1471,24.9979327324802,1477,24.9908571620299,1482
SWE,2025,escs,math,6262,25.0027936490133,1547,25.0017195185829,1567,25.0082159642286,1581,24.9872708681752,1567
SWE,2025,escs_h,math,6253,25.0065855830245,1551,24.9983337139458,1554,24.997268697519,1583,24.9978120055107,1565
SWE,2025,escs_pca,math,6253,25.0085880811215,1550,25.0043084819466,1557,24.9881513766085,1578,24.9989520603234,1568
SWE,2025,hisei_h,math,5639,25.0143961187358,1398,24.9946052348676,1407,25.0033387044422,1422,24.9876599419545,1412
SWE,2025,pared_h,math,5954,25.014712955848,1479,24.985589950701,1486,25.0099881428588,1503,24.9897089505923,1486
SWE,2025,homepos,math,6537,25.0031394857138,1626,24.9976478018886,1632,25.0027566660004,1627,24.9964560463972,1652
SWE,2025,homepos_h,math,6501,25.0035834066337,1618,25.0115663076923,1623,24.9899176651268,1615,24.9949326205472,1645
SWE,2025,books_h,math,6495,25.0079296403509,1616,24.9983253384403,1618,25.005720478663,1626,24.9880245425459,1635
SWE,2025,escs_cc,math,5313,25.0132829739765,1317,24.9932869922215,1325,24.9953361657924,1341,24.9980938680097,1330
SWE,2025,escs_h_cc,math,5313,25.009589143042,1319,24.9951886797045,1324,25.0077808949422,1341,24.9874412823113,1329
SWE,2025,escs_h_min3,math,6262,25.0021484369371,1551,24.9993492782448,1560,25.0145958226284,1589,24.9839064621897,1562
TUR,2022,escs,math,7245,25.0020731640555,1885,25.0049919207021,1833,24.996374600221,1793,24.9965603150214,1734
TUR,2022,escs_h,math,7240,25.0023928564986,1881,25.0033287455927,1841,24.999226880848,1789,24.9950515170608,1729
TUR,2022,escs_pca,math,7240,25.0112711101193,1879,25.0037617745555,1838,24.9940127108606,1796,24.9909544044647,1727
TUR,2022,hisei_h,math,7104,25.0155897679492,1827,24.9938455813594,1810,24.9962293792885,1765,24.9943352714029,1702
TUR,2022,pared_h,math,7236,25.0150013763864,1861,24.9949154258771,1818,24.995669347355,1802,24.9944138503815,1755
TUR,2022,homepos,math,7244,25.0047070018148,1917,24.9989548606502,1826,25.0077263374111,1796,24.9886118001239,1705
TUR,2022,homepos_h,math,7223,25.0010514966553,1915,25.0002894217261,1834,25.0019804045877,1771,24.9966786770309,1703
TUR,2022,books_h,math,7239,25.0121744962573,1865,24.9964866393482,1827,24.9922055699721,1778,24.9991332944224,1769
TUR,2022,escs_cc,math,7077,25.0059437176141,1839,25.0013626190627,1792,24.9946001351725,1754,24.9980935281507,1692
TUR,2022,escs_h_cc,math,7077,25.0084603301688,1837,25.007632829955,1801,24.9861670133026,1748,24.9977398265736,1691
TUR,2022,escs_h_min3,math,7244,25.0043586365741,1882,25.0005595851906,1842,24.9999507397936,1790,24.9951310384418,1730
TUR,2025,escs,math,7449,25.0039097958232,1890,25.0044656409669,1828,25.0011969696921,1858,24.9904275935178,1873
TUR,2025,escs_h,math,7441,25.0008430477758,1884,25.0005651608444,1839,25.0089933200363,1843,24.9895984713434,1875
TUR,2025,escs_pca,math,7441,25.0029476517831,1888,25.0007852742507,1832,25.0020921000036,1845,24.9941749739627,1876
TUR,2025,hisei_h,math,6752,25.0051653590228,1697,24.9955849408808,1676,25.01411120829,1684,24.9851384918065,1695
TUR,2025,pared_h,math,7337,25.0060457750459,1844,24.9995570539126,1785,24.9951992622409,1857,24.9991979088006,1851
TUR,2025,homepos,math,7671,25.0080177212783,1953,24.9939844265013,1901,24.9984999629703,1912,24.9994978892501,1905
TUR,2025,homepos_h,math,7650,25.0043965985537,1956,24.9996143458592,1875,24.9974727043036,1911,24.9985163512835,1908
TUR,2025,books_h,math,7652,25.0037253694163,1910,25.0075257826642,1871,25.0008918386995,1922,24.9878570092201,1949
TUR,2025,escs_cc,math,6629,25.0137323618127,1675,25.0027555812853,1631,24.9947451002974,1653,24.9887669566046,1670
TUR,2025,escs_h_cc,math,6629,25.0030612402745,1673,25.0096807194774,1637,24.9963534336257,1643,24.9909046066224,1676
TUR,2025,escs_h_min3,math,7449,25.0054540229333,1888,25.0074761018499,1840,24.9949706235674,1845,24.9920992516494,1876
USA,2022,escs,math,4342,25.007378358753,1104,25.0098794027824,1091,24.9977354220046,1080,24.98500681646,1067
USA,2022,escs_h,math,4337,25.0253008941566,1095,24.9802300741825,1080,24.9951335656741,1089,24.9993354659868,1073
USA,2022,escs_pca,math,4337,25.0126780333624,1096,25.008861918416,1081,24.9839101329086,1088,24.9945499153131,1072
USA,2022,hisei_h,math,4052,25.0025083563584,1031,25.0152997053769,1007,24.9935545501975,1017,24.9886373880672,997
USA,2022,pared_h,math,4329,25.0018497521928,1103,24.9996633585456,1071,25.025809332923,1090,24.9726775563386,1065
USA,2022,homepos,math,4370,25.0155874044665,1111,24.9852747714655,1078,25.0127221932818,1106,24.9864156307861,1075
USA,2022,homepos_h,math,4352,25.0143204923511,1091,25.0041637778548,1080,24.9916477982766,1096,24.9898679315176,1085
USA,2022,books_h,math,4360,25.0082870628365,1124,25.0108260870264,1096,24.9853249968921,1084,24.995561853245,1056
USA,2022,escs_cc,math,4030,25.0060596524035,1025,25.0065094053653,1008,24.9998356838306,1009,24.9875952584006,988
USA,2022,escs_h_cc,math,4030,25.0171533257434,1022,24.9887121565233,997,25.0155743979731,1016,24.9785601197602,995
USA,2022,escs_h_min3,math,4341,25.0003764739337,1100,25.0069106865774,1078,25.0177125241508,1090,24.9750003153382,1073
USA,2025,escs,math,2525,25.0020072751412,695,25.0117982150035,630,25.0648330182471,625,24.9213614916082,575
USA,2025,escs_h,math,2519,25.0034075123643,690,25.019931001579,638,25.0008639765831,613,24.9757975094735,578
USA,2025,escs_pca,math,2519,25.0067595045067,680,24.9993338622698,652,25.0011507047835,609,24.99275592844,578
USA,2025,hisei_h,math,2323,25.0320994159666,633,24.9729930371497,570,25.0122179187691,579,24.9826896281146,541
USA,2025,pared_h,math,2362,25.0246342782569,622,25.0107886978229,574,24.9809923917489,598,24.9835846321714,568
USA,2025,homepos,math,2625,25.0295702480055,687,24.9941356899254,701,24.982759550125,636,24.9935345119441,601
USA,2025,homepos_h,math,2611,25.0039972370181,686,25.0276747434409,679,25.0172091317593,659,24.9511188877818,587
USA,2025,books_h,math,2611,25.0699850982653,752,24.9429107289698,675,25.0077087969804,620,24.9793953757845,564
USA,2025,escs_cc,math,2158,25.0018147686775,588,25.0046597690454,547,25.0348101217268,524,24.9587153405504,499
USA,2025,escs_h_cc,math,2158,25.0180369463326,585,25.0738457168299,545,24.9199460218956,531,24.9881713149419,497
USA,2025,escs_h_min3,math,2524,25.0008977294714,688,25.0181008554524,638,25.0035449723022,621,24.9774564427741,577
