index,cnt,n_systems,Q1_2022,Q1_2025,Q1_change,Q1_se,Q2_2022,Q2_2025,Q2_change,Q2_se,Q3_2022,Q3_2025,Q3_change,Q3_se,Q4_2022,Q4_2025,Q4_change,Q4_se,Q2-Q1_2022,Q2-Q1_2025,Q2-Q1_change,Q2-Q1_se,Q3-Q1_2022,Q3-Q1_2025,Q3-Q1_change,Q3-Q1_se,Q4-Q1_2022,Q4-Q1_2025,Q4-Q1_change,Q4-Q1_se,Q3-Q2_2022,Q3-Q2_2025,Q3-Q2_change,Q3-Q2_se,Q4-Q2_2022,Q4-Q2_2025,Q4-Q2_change,Q4-Q2_se,Q4-Q3_2022,Q4-Q3_2025,Q4-Q3_change,Q4-Q3_se,domain,calibration
escs,OECD35,35,431.429186165496,428.859493146884,-2.56969301861164,1.46694241720964,461.60559053122,457.958290214416,-3.64730031680421,1.48350054677988,488.031269861247,485.578419470515,-2.45285039073252,1.52881652713029,525.096143750741,511.385427127144,-13.7107166235964,1.60589496716392,30.1764043657242,29.0987970675316,-1.07760729819256,0.948356320823973,56.6020836957513,56.7189263236304,0.116842627879123,1.0607617859153,93.6669575852446,82.5259339802598,-11.1410236049848,1.26958675530745,26.4256793300271,27.6201292560988,1.19444992607168,0.985347525565594,63.4905532195204,53.4271369127282,-10.0634163067922,1.17768842992271,37.0648738894933,25.8070076566294,-11.2578662328639,1.05070592860619,math,authors_original
escs,OECD34_without_NLD,34,430.991179454917,428.560200876972,-2.43097857794498,1.46731173336489,461.358186251556,457.564560692341,-3.79362555921517,1.48344720361908,487.233781068442,484.888149514641,-2.3456315538013,1.53447401580104,524.295423186902,510.520905919454,-13.7745172674476,1.61795930068677,30.3670067966385,29.0043598153683,-1.36264698127019,0.955160810879393,56.2426016135249,56.3279486376686,0.0853470241436867,1.06594031618065,93.3042437319845,81.9607050424818,-11.3435386895026,1.28181577954874,25.8755948168864,27.3235888223003,1.44799400541388,0.995087106373354,62.9372369353459,52.9563452271135,-9.98089170823243,1.19012311349589,37.0616421184595,25.6327564048132,-11.4288857136463,1.06600232681022,math,authors_original
escs_h,OECD35,35,435.159615612986,427.424890614235,-7.73472499875169,1.4699874752704,462.770995749215,458.24326816744,-4.52772758177503,1.48224112029163,489.535712572502,485.481764606368,-4.05394796613484,1.5193483937159,519.714937622902,513.785454643991,-5.92948297891132,1.60830994069828,27.6113801362288,30.8183775532055,3.20699741697666,0.961467368965512,54.3760969595159,58.0568739921328,3.68077703261685,1.05449583875345,84.5553220099155,86.3605640297559,1.80524201984036,1.26775768560654,26.7647168232871,27.2384964389273,0.473779615640183,0.972941556091023,56.9439418736867,55.5421864765504,-1.4017553971363,1.16998790082036,30.1792250503996,28.3036900376231,-1.87553501277648,1.06129759758838,math,authors_original
escs_h,OECD34_without_NLD,34,434.6800639667,426.896287058977,-7.78377690772254,1.47017485910354,462.566942181619,457.80458512782,-4.76235705379855,1.48216398130849,488.721216209428,484.687112189713,-4.0341040197157,1.52231893757774,518.947507955208,513.03369757762,-5.91381037758799,1.62046858040578,27.8868782149191,30.9082980688431,3.02141985392399,0.96513323462231,54.0411522427288,57.7908251307357,3.74967288800684,1.05333695700438,84.2674439885084,86.137410518643,1.86996653013455,1.28066341693753,26.1542740278097,26.8825270618925,0.728253034082854,0.978699452688024,56.3805657735893,55.2291124497999,-1.15145332378944,1.18311163492404,30.2262917457796,28.3465853879073,-1.87970635787229,1.07073277572198,math,authors_original
homepos,OECD35,35,426.147687368826,433.481847196696,7.33415982786954,1.51448090513723,466.84136311932,464.862032682788,-1.97933043653171,1.50097053719378,493.031987386892,480.77416724242,-12.2578201444727,1.50124363669771,516.377580650927,488.799400892115,-27.5781797588114,1.55728246209587,40.6936757504932,31.380185486092,-9.31349026440125,0.989981354850431,66.8843000180662,47.2923200457239,-19.5919799723422,1.07844536920269,90.2298932821002,55.3175536954193,-34.9123395866809,1.20652732054919,26.1906242675729,15.9121345596319,-10.278489707941,1.00229191287384,49.536217531607,23.9373682093273,-25.5988493222797,1.07316490738554,23.3455932640341,8.02523364969539,-15.3203596143387,1.00368296835279,math,authors_original
homepos,OECD34_without_NLD,34,425.965246433046,433.220900417332,7.25565398428603,1.51680578067893,466.298987557063,464.186943789882,-2.11204376718121,1.50144363753168,492.304159294683,480.132945838316,-12.1712134563671,1.50564019056846,515.624580821318,488.296153070435,-27.3284277508831,1.56574057068348,40.3337411240177,30.9660433725505,-9.36769775146723,1.00011026536179,66.3389128616372,46.9120454209841,-19.4268674406531,1.08506843775877,89.6593343882725,55.0752526531034,-34.5840817351692,1.21863990018506,26.0051717376195,15.9460020484336,-10.0591696891859,1.00737232761397,49.3255932642548,24.1092092805529,-25.2163839837019,1.07959735332872,23.3204215266353,8.16320723211925,-15.1572142945161,1.01384357130778,math,authors_original
homepos_h,OECD35,35,436.394499759159,430.119111984392,-6.27538777476673,1.51349820332265,472.11828147671,464.132937891169,-7.98534358554065,1.49733074579872,491.545845788506,482.09429920128,-9.45154658722657,1.50655339656473,504.80240005188,494.310502525863,-10.4918975260171,1.56037339323197,35.7237817175514,34.0138259067775,-1.70995581077392,0.996889574010488,55.1513460293478,51.975187216888,-3.17615881245985,1.08855758677136,68.4079002927214,64.191390541471,-4.21650975125039,1.2238674859976,19.4275643117964,17.9613613101105,-1.46620300168593,0.962333624747506,32.68411857517,30.1775646346935,-2.50655394047647,1.07399095162336,13.2565542633736,12.216203324583,-1.04035093879054,1.0471603687214,math,authors_original
homepos_h,OECD34_without_NLD,34,436.30951171459,429.329650581474,-6.97986113311669,1.51201056272788,471.399449427802,463.277586576094,-8.12186285170793,1.50376721737461,490.79643270636,481.468178744057,-9.32825396230379,1.51248080898185,504.184512238113,493.921843078073,-10.2626691600396,1.56797555589412,35.0899377132119,33.9479359946207,-1.14200171859125,1.00540187418016,54.4869209917703,52.1385281625832,-2.34839282918711,1.09649738984033,67.8750005235229,64.5921924966,-3.28280802692291,1.23422118520166,19.3969832785584,18.1905921679625,-1.20639111059586,0.974444531792515,32.785062810311,30.6442565019793,-2.14080630833166,1.08961491663933,13.3880795317526,12.4536643340168,-0.934415197735802,1.05840778596578,math,authors_original
escs_h_min3,OECD35,35,434.686073698704,427.045519376055,-7.64055432264905,1.46895033494641,462.46652258133,457.839660349782,-4.62686223154833,1.48805479955819,489.458588184851,485.147540567761,-4.31104761708917,1.51350500878755,519.601806365999,513.76860867415,-5.83319769184857,1.61661199617356,27.7804488826264,30.7941409737271,3.01369209110072,0.956452849706831,54.7725144861469,58.1020211917068,3.32950670555988,1.04777187021096,84.9157326672951,86.7230892980956,1.80735663080048,1.27826070399879,26.9920656035205,27.3078802179796,0.315814614459157,0.968830985888452,57.1352837846687,55.9289483243684,-1.20633546030024,1.17521618730372,30.1432181811482,28.6210681063888,-1.5221500747594,1.07779170668606,math,authors_original
escs_h_min3,OECD34_without_NLD,34,434.240387599991,426.740848323714,-7.49953927627655,1.4688083485055,462.212620093197,457.389603224436,-4.82301686876053,1.48857144652102,488.641461594629,484.448615916637,-4.19284567799235,1.51623478756927,518.837292082471,512.974818149696,-5.86247393277449,1.62957068712426,27.9722324932062,30.6487549007222,2.67652240751602,0.96281152415702,54.4010739946384,57.7077675929226,3.3066935982842,1.04897226877392,84.59690448248,86.233969825982,1.63706534350206,1.29137728391783,26.4288415014322,27.0590126922004,0.630171190768181,0.973049813446506,56.6246719892738,55.5852149252598,-1.03945706401396,1.18959338793052,30.1958304878416,28.5262022330595,-1.66962825478214,1.08824721333604,math,authors_original
escs,OECD35,35,433.765035962165,430.316138813689,-3.44889714847682,1.42691551457202,464.688200492087,457.474165379625,-7.21403511246172,1.44298931098195,492.272735422278,484.435273698287,-7.83746172399145,1.4834983938336,527.165850905648,506.851847846374,-20.3140030592743,1.53153633519471,30.9231645299211,27.1580265659362,-3.7651379639849,1.07615103301988,58.5076994601126,54.119134884598,-4.38856457551464,1.17209486745243,93.4008149434827,76.5357090326851,-16.8651059107975,1.33530378853229,27.5845349301915,26.9611083186618,-0.623426611529737,1.09968457481265,62.4776504135616,49.3776824667489,-13.0999679468126,1.24467160104934,34.89311548337,22.4165741480871,-12.4765413352829,1.14633560974519,read,authors_original
escs,OECD34_without_NLD,34,434.334736801742,431.158248251375,-3.17648855036708,1.42871159484876,465.454862421439,458.309343530736,-7.14551889070299,1.44483116535083,492.545310690043,484.958797661192,-7.58651302885193,1.48993624594035,527.447240236185,507.18500762176,-20.2622326144244,1.54334677428943,31.120125619697,27.1510952793611,-3.96903034033591,1.08589229655188,58.2105738883018,53.8005494098169,-4.41002447848484,1.17914863619705,93.1125034344429,76.0267593703856,-17.0857440640573,1.34899716876723,27.0904482686048,26.6494541304558,-0.440994138148938,1.11013734235291,61.9923778147459,48.8756640910245,-13.1167137237214,1.25734700429805,34.9019295461412,22.2262099605687,-12.6757195855725,1.16279580500943,read,authors_original
escs_h,OECD35,35,438.066590449007,428.617378569205,-9.44921187980219,1.43201543046494,466.057506638338,457.629913966125,-8.42759267221339,1.43309211677114,493.80303832061,484.338026847942,-9.46501147266878,1.48036402807406,521.096635151838,509.679349539915,-11.4172856119228,1.52944805499283,27.9909161893311,29.0125353969199,1.0216192075888,1.08233501445817,55.7364478716032,55.7206482787366,-0.0157995928665855,1.16955086900557,83.0300447028309,81.0619709707103,-1.96807373212062,1.33668177510672,27.7455316822721,26.7081128818168,-1.03741880045538,1.08313751621145,55.0391285134999,52.0494355737905,-2.98969293970941,1.22338291008487,27.2935968312277,25.3413226919737,-1.95227413925403,1.15499324837883,read,authors_original
escs_h,OECD34_without_NLD,34,438.608273534152,429.237283017347,-9.37099051680531,1.43357135549115,466.870250589864,458.423439989399,-8.44681060046514,1.43337503373052,494.004411559967,484.752131836935,-9.25227972303247,1.48165186341438,521.457490940982,510.152627126465,-11.304863814517,1.5409675928312,28.2619770557119,29.1861569720521,0.924179916340165,1.08790564344919,55.3961380258149,55.5148488195878,0.118710793772834,1.16715881851871,82.84921740683,80.9153441091182,-1.93387329771173,1.34992919890929,27.134160970103,26.3286918475357,-0.805469122567331,1.08698839261829,54.5872403511181,51.7291871370662,-2.85805321405189,1.23329715976306,27.453079381015,25.4004952895305,-2.05258409148456,1.1582689865063,read,authors_original
homepos,OECD35,35,427.677577709674,433.541581467423,5.86400375774872,1.48853022888633,470.885747117108,465.313085703821,-5.57266141328751,1.45520193849969,497.554692969473,479.04166699323,-18.5130259762425,1.45454587868769,517.249738961284,481.970274977542,-35.2794639837416,1.50258127470371,43.2081694074342,31.771504236398,-11.4366651710362,1.11660551243502,69.8771152597986,45.5000855258074,-24.3770297339912,1.19161769052996,89.5721612516098,48.4286935101195,-41.1434677414903,1.30652534168345,26.6689458523643,13.7285812894094,-12.940364562955,1.11186879401202,46.3639918441756,16.6571892737215,-29.7068025704541,1.17727614497546,19.6950459918112,2.92860798431212,-16.7664380074991,1.13648955983779,read,authors_original
homepos,OECD34_without_NLD,34,428.496385530674,434.351737919498,5.85535238882483,1.49357127526521,471.428885271843,465.891929211228,-5.53695606061484,1.4556465878315,497.864389693349,479.597131593627,-18.2672580997221,1.46220249216095,517.559342608898,482.639976521604,-34.9193660872936,1.51057738544275,42.9324997411695,31.5401912917299,-11.3923084494397,1.12785188337051,69.3680041626756,45.2453936741286,-24.122610488547,1.20390275754922,89.0629570782243,48.2882386021059,-40.7747184761184,1.31939377775115,26.435504421506,13.7052023823987,-12.7303020391073,1.12140562953738,46.1304573370548,16.748047310376,-29.3824100266788,1.183491439125,19.6949529155488,3.04284492797729,-16.6521079875715,1.14908148667379,read,authors_original
homepos_h,OECD35,35,439.04642644002,429.377575666209,-9.66885077381153,1.48406959710647,477.036490502061,464.294600585192,-12.7418899168693,1.45238282315224,495.169099467397,480.307406583427,-14.8616928839699,1.45212061423813,504.341841189474,488.359622687103,-15.9822185023704,1.4967625141637,37.9900640620409,34.9170249189831,-3.07303914305777,1.11027791051974,56.1226730273767,50.9298309172184,-5.19284211015832,1.18924578012369,65.2954147494536,58.9820470208947,-6.31336772855889,1.3160533792966,18.1326089653358,16.0128059982353,-2.11980296710055,1.06885118263781,27.3053506874127,24.0650221019116,-3.24032858550112,1.1526895640313,9.17274172207686,8.0522161036763,-1.12052561840056,1.14803801298115,read,authors_original
homepos_h,OECD34_without_NLD,34,439.971001507394,429.677862356661,-10.2931391507332,1.48427624005884,477.335973582768,464.66832174488,-12.6676518378881,1.46025937822025,495.428416111314,480.855079281494,-14.5733368298203,1.46010485136081,504.867624985719,489.218070983591,-15.6495540021288,1.50405015496445,37.3649720753742,34.9904593882193,-2.37451268715495,1.12334241728381,55.4574146039202,51.177216924833,-4.28019767908717,1.19995126468731,64.8966234783256,59.5402086269299,-5.35641485139564,1.32738674083161,18.0924425285459,16.1867575366137,-1.90568499193222,1.08367424559261,27.5316514029514,24.5497492387107,-2.98190216424069,1.1677494501883,9.43920887440544,8.36299170209696,-1.07621717230847,1.16239621365986,read,authors_original
escs_h_min3,OECD35,35,437.384373481381,428.228764790836,-9.15560869054491,1.43013404653966,465.902175662566,457.295473689048,-8.60670197351789,1.44272783365401,493.608739250878,483.983996355271,-9.62474289560674,1.47890465923114,521.039752731995,509.594862320122,-11.4448904118731,1.53642278615729,28.517802181185,29.066708898212,0.548906717027023,1.08969743748559,56.2243657694971,55.7552315644352,-0.469134205061835,1.16906097648822,83.6553792506144,81.3660975292862,-2.28928172132822,1.34534062870465,27.7065635883121,26.6885226662232,-1.01804092208886,1.08797855152224,55.1375770694294,52.2993886310742,-2.83818843835525,1.23624702603391,27.4310134811174,25.610865964851,-1.82014751626639,1.16362634891168,read,authors_original
escs_h_min3,OECD34_without_NLD,34,437.953533078718,429.036758489886,-8.91677458883225,1.4317499425277,466.66453566799,458.077186452852,-8.58734921513724,1.44425096936942,493.809231313422,484.489362687623,-9.31986862579868,1.48030780675336,521.401878718302,510.034314383378,-11.3675643349238,1.54875814372286,28.7110025892715,29.0404279629665,0.329425373695017,1.09877082891381,55.855698234704,55.4526041977376,-0.403094036966422,1.17121252382013,83.4483456395842,80.9975558934926,-2.45078974609157,1.35926294673113,27.1446956454325,26.4121762347711,-0.732519410661439,1.09038211724551,54.7373430503127,51.9571279305261,-2.78021511978659,1.24716744848703,27.5926474048802,25.544951695755,-2.04769570912515,1.1693971986958,read,authors_original
escs,OECD35,35,441.509116734757,446.787823964001,5.27870722924416,3.23979178670265,473.513988166017,477.258262584072,3.74427441805574,3.24605467704233,501.084266615457,505.855621177159,4.77135456170197,3.26398601218196,538.166206753155,530.597338501122,-7.5688682520323,3.29055758942066,32.0048714312593,30.4704386200709,-1.53443281118842,1.02722295711696,59.5751498807002,59.067797213158,-0.507352667542193,1.13516216712176,96.6570900183972,83.8095145371207,-12.8475754812765,1.31751770309416,27.5702784494409,28.5973585930871,1.02708014364623,1.06344867670347,64.6522185871379,53.3390759170499,-11.313142670088,1.2302252277625,37.081940137697,24.7417173239628,-12.3402228137343,1.10876037570364,scie,authors_original
escs,OECD34_without_NLD,34,441.531250054975,447.027987600307,5.49673754533143,3.24021068423255,473.7508273736,477.362760810628,3.61193343702774,3.24716476066745,500.776105442016,505.653166429265,4.87706098724971,3.26677479089191,537.787075304884,530.216410320636,-7.57066498424877,3.29582077869496,32.2195773186246,30.3347732103209,-1.88480410830368,1.03922117582319,59.2448553870403,58.6251788289586,-0.619676558081721,1.14158258281717,96.2558252499092,83.188422720329,-13.0674025295802,1.32817855179876,27.0252780684157,28.2904056186377,1.26512755022196,1.07460270207323,64.0362479312846,52.8536495100081,-11.1825984212765,1.24284402300752,37.0109698628688,24.5632438913704,-12.4477259714985,1.12284240319564,scie,authors_original
escs_h,OECD35,35,445.662028594181,445.221881172709,-0.440147421472034,3.24247827166859,474.87414826718,477.325592564897,2.45144429771665,3.24405872680577,502.833116259059,505.770667757081,2.93755149802183,3.26049050351351,532.03467024046,533.507265694026,1.47259545356576,3.29031054264994,29.2121196729993,32.103711392188,2.89159171918868,1.04573432418489,57.171087664878,60.5487865843719,3.37769891949387,1.13614294425429,86.3726416462789,88.2853845213167,1.91274287503779,1.31373232892199,27.9589679918788,28.4450751921839,0.486107200305185,1.04826483923213,57.1605219732796,56.1816731291287,-0.978848844150889,1.20998716815428,29.2015539814009,27.7365979369448,-1.46495604445607,1.12190217801287,scie,authors_original
escs_h,OECD34_without_NLD,34,445.663546215199,445.212450685168,-0.451095530031296,3.2427053731934,475.09505789531,477.388427841054,2.29336994574379,3.24457847483922,502.513157175371,505.481153930511,2.96799675514023,3.26079584731181,531.725978988218,533.224748874809,1.49876988659116,3.29582763000728,29.4315116801111,32.1759771558862,2.74446547577509,1.05307866637966,56.8496109601716,60.2687032453431,3.41909228517153,1.13192644679706,86.0624327730193,88.0122981896417,1.94986541662246,1.32589150337009,27.4180992800605,28.0927260894569,0.674626809396443,1.05127857391649,56.6309210929082,55.8363210337556,-0.794600059152629,1.22050300657641,29.2128218128477,27.7435949442987,-1.46922686854907,1.12347410210334,scie,authors_original
homepos,OECD35,35,435.231298842652,451.074194843643,15.8428960009913,3.26500685610733,479.031512717921,485.014968863082,5.98345614516086,3.2534390736997,506.790394273355,500.319817350733,-6.47057692262177,3.25137055236871,529.21184714707,505.974226694131,-23.2376204529391,3.27061226215151,43.8002138752697,33.9407740194392,-9.85943985583049,1.07192709262665,71.559095430703,49.2456225070899,-22.3134729236131,1.16123872547638,93.9805483044179,54.9000318504874,-39.0805164539304,1.27219089745777,27.7588815554333,15.3048484876506,-12.4540330677826,1.07222504535344,50.1803344291482,20.9592578310482,-29.2210765981,1.13660130087421,22.4214528737149,5.65440934339756,-16.7670435303173,1.0766025343172,scie,authors_original
homepos,OECD34_without_NLD,34,435.586531198561,451.334984290055,15.7484530914938,3.26669742422856,479.013537587199,484.840528945942,5.82699135874276,3.25393646948338,506.450721926405,500.161367631261,-6.28935429514337,3.25370197608746,528.867598701211,505.938169180921,-22.9294295202893,3.27460937521493,43.4270063886385,33.5055446558875,-9.92146173275103,1.08354830173433,70.8641907278436,48.8263833412064,-22.0378073866372,1.16996301488672,93.2810675026496,54.6031848908666,-38.6778826117831,1.28311935553057,27.437184339205,15.3208386853189,-12.1163456538861,1.07903102787775,49.8540611140111,21.0976402349791,-28.7564208790321,1.14365908880749,22.4168767748061,5.77680154966015,-16.640075225146,1.08697993773423,scie,authors_original
homepos_h,OECD35,35,446.577962818236,446.932219636264,0.354256818027466,3.26401024187756,485.127151607711,484.121768568052,-1.00538303965942,3.25015924704206,504.916198460928,502.052372316367,-2.8638261445613,3.25122563746051,516.295695690566,512.510686478506,-3.78500921206057,3.27127242985547,38.5491887894748,37.189548931788,-1.35963985768689,1.06017984242523,58.3382356426916,55.1201526801028,-3.21808296258877,1.15469330191477,69.71773287233,65.5784668422419,-4.13926603008804,1.28745843423603,19.7890468532167,17.9306037483149,-1.85844310490188,1.0242706714156,31.1685440828551,28.388917910454,-2.77962617240115,1.13058253382511,11.3794972296384,10.4583141621391,-0.921183067499271,1.1032522614137,scie,authors_original
homepos_h,OECD34_without_NLD,34,447.032535167542,446.650115129791,-0.382420037750819,3.26330908551492,484.853005687717,483.783041446911,-1.06996424080631,3.25337343319078,504.558898155848,501.871618221783,-2.68727993406475,3.25473495287082,516.167914101461,512.543300909834,-3.62461319162628,3.27491891680127,37.8204705201752,37.1329263171197,-0.687544203055495,1.06992242965125,57.5263629883053,55.2215030919914,-2.30485989631393,1.16331592027398,69.1353789339184,65.8931857800429,-3.24219315387546,1.29687445086591,19.7058924681301,18.0885767748717,-1.61731569325843,1.03728240463444,31.3149084137432,28.7602594629232,-2.55464895081997,1.14559634204055,11.6090159456131,10.6716826880515,-0.937333257561534,1.1172067054147,scie,authors_original
escs_h_min3,OECD35,35,445.11373410314,444.704052140748,-0.409681962392028,3.24212639062066,474.556389850839,477.000859683809,2.44446983297024,3.24573074310614,502.782891848074,505.343681077023,2.56078922894909,3.25889242726595,531.877754663952,533.474231386687,1.59647672273559,3.29408429349797,29.4426557476986,32.2968075430608,2.85415179536227,1.03635971355576,57.6691577449338,60.6396289362749,2.97047119134112,1.13091561162982,86.7640205608112,88.7701792459389,2.00615868512762,1.32528003758902,28.2265019972352,28.3428213932141,0.116319395978849,1.04335871573335,57.3213648131127,56.473371702878,-0.847993110234654,1.21464449593828,29.0948628158774,28.1305503096639,-0.964312506213503,1.1370395031875,scie,authors_original
escs_h_min3,OECD34_without_NLD,34,445.150241386878,444.92330077605,-0.226940610828137,3.24190353610661,474.735703026597,477.066439588269,2.33073656167238,3.24648281945739,502.455513997164,505.146086542685,2.69057254552075,3.25929348348548,531.564238487093,533.148754528711,1.5845160416186,3.29996214694012,29.5854616397184,32.1431388122189,2.55767717250052,1.04527007741068,57.3052726102862,60.2227857666351,2.91751315634889,1.1279857369525,86.4139971002146,88.2254537526613,1.81145665244674,1.33631603107287,27.7198109705678,28.0796469544162,0.35983598384837,1.04517553920959,56.8285354604961,56.0823149404424,-0.746220520053782,1.22645019290483,29.1087244899283,28.0026679860262,-1.10605650390215,1.14050475251538,scie,authors_original
homepos_recodes3,OECD35,35,436.144603380175,429.697799052895,-6.44680432728069,1.51642822271614,471.523950961007,463.133186713131,-8.39076424787572,1.49455315359692,490.432885923586,481.193143681392,-9.2397422421945,1.51716721166245,504.429724816029,493.944071315219,-10.4856535008099,1.56243328450494,35.3793475808312,33.4353876602361,-1.94395992059503,1.0023734182193,54.2882825434107,51.4953446284969,-2.79293791491381,1.10089350252147,68.2851214358531,64.2462722623239,-4.03884917352923,1.23031134570722,18.9089349625796,18.0599569682608,-0.848977994318773,0.984297510334566,32.905773855022,30.8108846020878,-2.09488925293419,1.06796958486443,13.9968388924424,12.750927633827,-1.24591125861542,1.06268454376082,math,official_recodes_pooled_fit
homepos_recodes3,OECD34_without_NLD,34,436.034308506961,429.359300859628,-6.67500764733279,1.51629162383429,470.775482263721,462.40651676853,-8.36896549519128,1.49913445707647,489.711481404201,480.57790501727,-9.13357638693162,1.52326160442352,503.810780499412,493.542723645193,-10.2680568542189,1.5695817461216,34.7411737567602,33.0472159089017,-1.69395784785849,1.01318668259383,53.6771728972405,51.2186041576417,-2.45856873959883,1.10885504513527,67.7764719924515,64.1834227855654,-3.59304920688606,1.24061524398136,18.9359991404803,18.17138824874,-0.764610891740347,0.994633033485503,33.0352982356913,31.1362068766637,-1.89909135902758,1.08044399756721,14.099299095211,12.9648186279238,-1.13448046728723,1.07230123773677,math,official_recodes_pooled_fit
homepos_recodes10,OECD35,35,437.133938035862,430.810474862428,-6.32346317343422,1.51024752248943,472.001524536971,463.780476243237,-8.22104829373467,1.49773499863057,490.874982090132,481.666359686833,-9.2086224032987,1.51818756112074,504.8490278714,494.400773361733,-10.4482545096666,1.55910898976476,34.867586501109,32.9700013808085,-1.89758512030045,1.00348108500573,53.7410440542692,50.8558848244047,-2.88515922986448,1.09610902846314,67.7150898355372,63.5902984993048,-4.12479133623242,1.21650645414172,18.8734575531602,17.8858834435962,-0.987574109564036,0.992761465439736,32.8475033344282,30.6202971184962,-2.22720621593197,1.07074118819251,13.974045781268,12.7344136749001,-1.23963210636794,1.05860580181075,math,official_recodes_pooled_fit
homepos_recodes10,OECD34_without_NLD,34,437.038970783016,430.021827832899,-7.01714295011766,1.51065125519749,471.258341473551,462.974965030008,-8.28337644354298,1.50241101048631,490.1584371208,480.974475271713,-9.18396184908693,1.52469327756091,504.2339060402,494.027058886106,-10.206847154094,1.56617536963843,34.219370690535,32.9531371971096,-1.26623349342532,1.01432009157433,53.1194663377833,50.952647438814,-2.16681889896927,1.10413081627707,67.1949352571838,64.0052310532075,-3.18970420397631,1.22932671603228,18.9000956472483,17.9995102417043,-0.90058540554395,1.00327131486515,32.9755645666488,31.0520938560978,-1.92347071055099,1.08407714088941,14.0754689194005,13.0525836143935,-1.02288530500704,1.06956480834993,math,official_recodes_pooled_fit
escs_recodes3,OECD35,35,434.813787844788,427.292006860531,-7.52178098425719,1.47236447323815,462.463429261034,457.655623254426,-4.80780600660796,1.48336279745772,489.367568446777,485.14900487723,-4.21856356954646,1.51345010702914,519.565978372774,513.699331739188,-5.86664663358636,1.62301737288472,27.649641416246,30.3636163938952,2.71397497764923,0.963992450986501,54.5537806019884,57.8569980166992,3.30321741471073,1.04663870356961,84.7521905279858,86.4073248786566,1.65513435067084,1.29249339631235,26.9041391857425,27.493381622804,0.5892424370615,0.967486364766691,57.1025491117398,56.0437084847614,-1.05884062697839,1.18410026559419,30.1984099259973,28.5503268619574,-1.6480830640399,1.07610505990177,math,official_recodes_pooled_fit
escs_recodes3,OECD34_without_NLD,34,434.343749790749,426.98922658178,-7.35452320896894,1.47092974463767,462.230690445289,457.21572788378,-5.01496256150841,1.48342379354954,488.533938503748,484.441521615651,-4.09241688809669,1.51959687583582,518.821638106396,512.902008980584,-5.91962912581187,1.63540215140066,27.8869406545402,30.2265013020008,2.33956064746053,0.96772722680339,54.1901887129994,57.4522950338717,3.26210632087225,1.05075453099151,84.4778883156478,85.9127823988048,1.43489408315708,1.30323915186031,26.3032480584592,27.2257937318709,0.922545673411719,0.977289706899959,56.5909476611075,55.6862810968041,-0.904666564303454,1.19799632527533,30.2876996026483,28.4604873649332,-1.82721223771517,1.09063406364416,math,official_recodes_pooled_fit
escs_recodes10,OECD35,35,435.202198504032,427.542842170169,-7.6593563338634,1.46760829315394,462.860709949055,458.198277375034,-4.66243257402061,1.48629544711518,489.522974601422,485.460047323713,-4.06292727770864,1.51831303745127,519.600324560119,513.731217001846,-5.86910755827205,1.61846750394817,27.6585114450222,30.655435204865,2.99692375984279,0.966232510313168,54.3207760973893,57.9172051535441,3.59642905615476,1.04795664045974,84.398126056086,86.1883748316774,1.79024877559135,1.28116901464871,26.6622646523671,27.2617699486791,0.599505296311975,0.985825172567203,56.7396146110638,55.5329396268124,-1.20667498425144,1.19694168511362,30.0773499586967,28.2711696781333,-1.80618028056341,1.07009901654531,math,official_recodes_pooled_fit
escs_recodes10,OECD34_without_NLD,34,434.717607098369,427.019693684735,-7.69791341363356,1.46783627975065,462.683542199541,457.771201943432,-4.91234025610874,1.48377525432935,488.680181834435,484.679104024334,-4.00107781010172,1.52347155237937,518.839400620221,512.948978321704,-5.89042229851691,1.6308415459983,27.9659351011719,30.7515082586967,2.78557315752482,0.965826214500886,53.9625747360664,57.6594103395982,3.69683560353184,1.05111030413922,84.1217935218515,85.9292846369681,1.80749111511665,1.29359755980675,25.9966396348945,26.9079020809015,0.911262446007015,0.990398259301855,56.1558584206796,55.1777763782715,-0.978082042408175,1.20731341112857,30.1592187857851,28.2698742973699,-1.88934448841519,1.08410442433767,math,official_recodes_pooled_fit
homepos_recodes3,OECD35,35,438.931989368164,429.249634803806,-9.68235456435741,1.49111919841805,476.445717405216,463.385464398381,-13.060253006835,1.44910671913165,494.019154592243,479.328425704505,-14.6907288877372,1.47223530884904,504.078808969409,487.962132842786,-16.1166761266227,1.50158869963862,37.5137280370525,34.135829594575,-3.37789844247754,1.12743013774066,55.0871652240791,50.0787909006993,-5.00837432337983,1.21914712272936,65.1468196012454,58.7124980389801,-6.43432156226527,1.32602333069465,17.5734371870266,15.9429613061243,-1.63047588090228,1.10127493949797,27.6330915641929,24.5766684444051,-3.05642311978772,1.15450009608452,10.0596543771663,8.63370713828084,-1.42594723888544,1.17815120677443,read,official_recodes_pooled_fit
homepos_recodes3,OECD34_without_NLD,34,439.815342264753,429.947343140073,-9.86799912467956,1.49264092570257,476.736254968785,463.902691966449,-12.8335630023357,1.4555977871883,494.316248258289,479.88200094935,-14.4342473089396,1.48043797988609,504.596397831699,488.806978333332,-15.7894194983672,1.50907782238401,36.9209127040322,33.9553488263761,-2.96556387765611,1.14115340615694,54.5009059935368,49.9346578092768,-4.56624818426008,1.22940174227071,64.7810555669465,58.8596351932588,-5.92142037368768,1.33723377927593,17.5799932895046,15.9793089829006,-1.60068430660397,1.11663905008129,27.8601428629143,24.9042863668827,-2.95585649603157,1.16661185440802,10.2801495734097,8.92497738398208,-1.35517218942761,1.19270280992694,read,official_recodes_pooled_fit
homepos_recodes10,OECD35,35,440.050810216496,430.346760444065,-9.70404977243135,1.48549364838481,476.891806587105,463.965699887404,-12.9261066997012,1.45187885187846,494.362237522164,479.679383417103,-14.6828541050614,1.47078120286818,504.286741283197,488.348787155333,-15.9379541278635,1.4969124272581,36.8409963706087,33.6189394433388,-3.22205692726988,1.12961358997779,54.311427305668,49.3326229730379,-4.97880433263009,1.21272451893114,64.2359310667005,58.0020267112684,-6.23390435543217,1.31454867862129,17.4704309350593,15.7136835296991,-1.75674740536022,1.10676109007405,27.3949346960919,24.3830872679296,-3.0118474281623,1.15571205919953,9.92450376103255,8.66940373823047,-1.25510002280208,1.16662552327368,read,official_recodes_pooled_fit
homepos_recodes10,OECD34_without_NLD,34,440.955287913637,430.645475706303,-10.3098122073341,1.48725125917445,477.185049206784,464.407664233794,-12.7773849729904,1.45817130132369,494.659125808648,480.16974441396,-14.4893813946876,1.4797741902867,504.802723136322,489.197704127583,-15.6050190087389,1.50392169455471,36.2297612931471,33.7621885274908,-2.46757276565631,1.14309306207325,53.7038378950111,49.5242687076576,-4.17956918735354,1.22445982003113,63.8474352226849,58.55222842128,-5.29520680140485,1.32791578528743,17.474076601864,15.7620801801668,-1.71199642169722,1.12234546606543,27.6176739295378,24.7900398937892,-2.82763403574853,1.16900386607707,10.1435973276738,9.02795971362247,-1.11563761405131,1.18160262415521,read,official_recodes_pooled_fit
escs_recodes3,OECD35,35,437.590839129772,428.640694316009,-8.95014481376228,1.43377709801279,465.946262697239,456.981518431111,-8.96474426612804,1.43665930640783,493.376059453168,483.936946625431,-9.43911282773763,1.47324859387353,521.019646529478,509.539312034681,-11.4803344947964,1.54425079754711,28.3554235674674,28.3408241151016,-0.0145994523657578,1.0921577755523,55.7852203233965,55.2962523094212,-0.488968013975352,1.16499946622335,83.428807399706,80.8986177186719,-2.53018968103413,1.36620344878267,27.4297967559292,26.9554281943196,-0.474368561609595,1.07068287374953,55.0733838322386,52.5577936035703,-2.51559022866837,1.22868813506798,27.6435870763095,25.6023654092507,-2.04122166705878,1.16443055347701,read,official_recodes_pooled_fit
escs_recodes3,OECD34_without_NLD,34,438.133780226903,429.455131255305,-8.67864897159768,1.43422590659228,466.719451411544,457.772352431606,-8.94709897993801,1.43798688943844,493.562556328377,484.442532797474,-9.1200235309035,1.47772847705295,521.411612516774,509.962988379523,-11.4486241372513,1.55616634523864,28.5856711846417,28.3172211763014,-0.268450008340324,1.09903051519778,55.4287761014744,54.9874015421685,-0.441374559305814,1.16779711278307,83.2778322898713,80.5078571242177,-2.76997516565359,1.37822686323852,26.8431049168327,26.6701803658672,-0.17292455096549,1.07910941407661,54.6921611052296,52.1906359479164,-2.50152515731327,1.2397212409694,27.849056188397,25.5204555820492,-2.32860060634778,1.17494772108527,read,official_recodes_pooled_fit
escs_recodes10,OECD35,35,438.250928147258,428.874964819968,-9.37596332728924,1.42877314685699,466.117915208964,457.481796372616,-8.63611883634815,1.43498106142898,493.669677824225,484.267835059387,-9.40184276483819,1.47565389235623,520.990335087238,509.63736138641,-11.3529737008284,1.53683572455977,27.8669870617067,28.6068315526478,0.739844490941096,1.08084980198473,55.4187496769675,55.3928702394185,-0.0258794375489515,1.16441571250969,82.7394069399804,80.7623965664413,-1.97701037353914,1.34897140535413,27.5517626152608,26.7860386867708,-0.765723928490047,1.07537269123373,54.8724198782738,52.1555650137935,-2.71685486448024,1.2292918161692,27.320657263013,25.3695263270228,-1.95113093599019,1.15613916346253,read,official_recodes_pooled_fit
escs_recodes10,OECD34_without_NLD,34,438.789158403192,429.499827488661,-9.28933091453069,1.42973004944615,466.940307895021,458.294429666374,-8.64587822864752,1.43297426737687,493.847178489169,484.693505895984,-9.15367259318447,1.48025417135019,521.368823744421,510.075210669354,-11.2936130750672,1.54851289717584,28.1511494918295,28.7946021777127,0.643452685883176,1.08146157564375,55.0580200859771,55.1936784073233,0.135658321346227,1.16586996932189,82.5796653412294,80.5753831806929,-2.00428216053649,1.36130287091095,26.9068705941476,26.3990762296107,-0.507794364536949,1.0816554824798,54.4285158493999,51.7807810029802,-2.64773484641967,1.23597741771748,27.5216452552523,25.3817047733696,-2.13994048188272,1.16605040674331,read,official_recodes_pooled_fit
homepos_recodes3,OECD35,35,446.474598095252,446.5097656584,0.0351675631486614,3.26639861909666,484.333942490371,483.045671981508,-1.28827050886281,3.24850985251607,503.737712801926,500.978992234772,-2.75872056715372,3.25924439910574,515.848516431857,511.909718009174,-3.93879842268291,3.27303476593957,37.8593443951189,36.5359063231074,-1.32343807201147,1.07816704738364,57.2631147066743,54.4692265763719,-2.79388813030238,1.17524111079335,69.3739183366055,65.399952350774,-3.97396598583157,1.29742584771735,19.4037703115554,17.9333202532645,-1.47045005829091,1.05384822172466,31.5145739414867,28.8640460276666,-2.6505279138201,1.12500672842904,12.1108036299312,10.930725774402,-1.18007785552919,1.13682662631228,scie,official_recodes_pooled_fit
homepos_recodes3,OECD34_without_NLD,34,446.898738903923,446.687271499181,-0.21146740474137,3.26653412280879,484.030217099163,482.865956537666,-1.1642605614976,3.25074630707797,503.420043016325,500.823529189302,-2.59651382702265,3.26258411889009,515.706315890745,511.958275426238,-3.74804046450703,3.27674173309565,37.1314781952406,36.1786850384844,-0.952793156756229,1.08991878833173,56.5213041124018,54.1362576901206,-2.38504642228128,1.18269258889397,68.8075769868225,65.2710039270569,-3.53657305976566,1.30783135789038,19.3898259171612,17.9575726516362,-1.43225326552505,1.06395216946725,31.6760987915819,29.0923188885725,-2.58377990300943,1.136996045728,12.2862728744207,11.1347462369363,-1.15152663748438,1.15032414737472,scie,official_recodes_pooled_fit
homepos_recodes10,OECD35,35,447.596443867623,447.867216453396,0.270772585772932,3.26318507307499,484.886638178649,483.780727516747,-1.10591066190193,3.25085439560422,504.188258472691,501.523315121346,-2.66494335134547,3.25968665703425,516.243464184379,512.44702244098,-3.79644174339921,3.27164806329283,37.2901943110256,35.9135110633508,-1.37668324767486,1.08118606400754,56.591814605068,53.6560986679496,-2.9357159371184,1.17036110595503,68.6470203167561,64.5798059875839,-4.06721432917215,1.28650375119613,19.3016202940424,17.7425876045988,-1.55903268944354,1.06594422195775,31.3568260057305,28.6662949242332,-2.69053108149728,1.12921785607058,12.0552057116881,10.9237073196343,-1.13149839205374,1.13087731982587,scie,official_recodes_pooled_fit
homepos_recodes10,OECD34_without_NLD,34,448.040456362827,447.558455925747,-0.482000437079648,3.26368827279299,484.590447035413,483.513867648551,-1.0765793868627,3.25318169956958,503.874689582988,501.276934754042,-2.59775482894679,3.26348699804725,516.106059182252,512.499889466104,-3.60616971614718,3.27522034534497,36.5499906725867,35.9554117228036,-0.594578949783056,1.09370234264529,55.8342332201616,53.7184788282945,-2.11575439186714,1.17931897844344,68.0656028194248,64.9414335403573,-3.12416927906753,1.29968095843035,19.2842425475749,17.7630671054908,-1.52117544208409,1.07782517856782,31.5156121468381,28.9860218175537,-2.52959032928447,1.14238276805727,12.2313695992632,11.2229547120628,-1.00841488720039,1.14605883432691,scie,official_recodes_pooled_fit
escs_recodes3,OECD35,35,445.287717670593,445.048397146883,-0.239320523709807,3.24370147511755,474.606910969911,476.790416098845,2.18350512893454,3.24376256803098,502.653839115434,505.30404486639,2.65020575095531,3.25608660300669,531.779862282271,533.374516899953,1.59465461768173,3.29763794288756,29.3191932993175,31.7420189519618,2.42282565264435,1.04722797694398,57.3661214448409,60.2556477195061,2.88952627466512,1.12425432128363,86.4921446116781,88.3261197530696,1.83397514139153,1.34212553998196,28.0469281455235,28.5136287675442,0.466700622020767,1.03028503612554,57.1729513123606,56.5841008011078,-0.588850511252815,1.21683608967562,29.1260231668372,28.0704720335636,-1.05555113327358,1.12673081439293,scie,official_recodes_pooled_fit
escs_recodes3,OECD34_without_NLD,34,445.308829072017,445.271472806819,-0.037356265197559,3.2429886141248,474.799208582597,476.863420697749,2.06421211515271,3.24451602670761,502.288379270411,505.098832245265,2.81045297485383,3.25841380869281,531.507405645111,533.045359370286,1.53795372517493,3.30319497772845,29.4903795105802,31.5919478909304,2.10156838035027,1.0539387368836,56.9795501983946,59.827359438446,2.84780924005139,1.12492554754612,86.1985765730943,87.7738865634668,1.57530999037249,1.35034453424296,27.4891706878145,28.2354115475156,0.746240859701118,1.04019943062774,56.7081970625142,56.1819386725364,-0.526258389977784,1.22849921555158,29.2190263746997,27.9465271250208,-1.2724992496789,1.13750967054093,scie,official_recodes_pooled_fit
escs_recodes10,OECD35,35,445.767957823409,445.446410676427,-0.321547146981914,3.24099012674834,475.002661075536,477.295987825623,2.29332675008641,3.24555662672631,502.810782414724,505.676708557147,2.86592614242318,3.25840600967801,531.827845024437,533.402938957182,1.57509393274518,3.29501162749152,29.2347032521272,31.8495771491955,2.61487389706832,1.05121884929718,57.0428245913145,60.2302978807196,3.18747328940509,1.12608487433265,86.0598872010276,87.9565282807547,1.89664107972709,1.32748381641112,27.8081213391873,28.380720731524,0.57259939233677,1.05301814771188,56.8251839489004,56.1069511315592,-0.718232817341232,1.22515121331162,29.0170626097132,27.7262304000352,-1.290832209678,1.12030057687904,scie,official_recodes_pooled_fit
escs_recodes10,OECD34_without_NLD,34,445.777668919522,445.435971192061,-0.341697727460883,3.24114281865628,475.236547500189,477.371055202408,2.13450770221891,3.24529440997451,502.444249572566,505.413962201137,2.96971262857056,3.26041918268194,531.544655664099,533.082739790469,1.53808412636965,3.30054630472352,29.4588785806668,31.9350840103466,2.47620542967979,1.05581487465767,56.6665806530442,59.9779910090757,3.31141035603144,1.12829468556287,85.7669867445771,87.6467685984076,1.87978185383054,1.33834642637018,27.2077020723774,28.0429069987291,0.835204926351651,1.05842399810728,56.3081081639103,55.711684588061,-0.596423575849258,1.23334121482251,29.1004060915329,27.668777589332,-1.43162850220091,1.12986187418379,scie,official_recodes_pooled_fit
homepos_anchor25,OECD35,35,436.559765099777,429.634774456564,-6.92499064321225,1.52126320584446,471.716938159634,463.88131007012,-7.83562808951405,1.50050460837402,490.930910119728,481.943950234878,-8.98695988485031,1.50267100424344,503.322533859344,492.505158796758,-10.817375062586,1.5548510325259,35.1571730598578,34.246535613556,-0.910637446301791,1.01572635054864,54.3711450199515,52.3091757783135,-2.06196924163805,1.08682227092723,66.7627687595677,62.870384340194,-3.89238441937374,1.23032157791309,19.2139719600937,18.0626401647575,-1.15133179533626,0.964140283159969,31.6055956997099,28.623848726638,-2.98174697307195,1.06641598263423,12.3916237396162,10.5612085618805,-1.83041517773569,1.01920928149277,math,fixed_2025_parameters
homepos_anchor25,OECD34_without_NLD,34,436.370774182476,429.247999531086,-7.12277465138976,1.52112275807395,471.009570045849,463.116216459027,-7.893353586822,1.50266473889518,490.195511853049,481.310187408955,-8.88532444409458,1.50986888258919,502.753201620442,492.209828579653,-10.5433730407887,1.562179597202,34.638795863373,33.8682169279408,-0.770578935432241,1.02590423288254,53.8247376705737,52.0621878778688,-1.76254979270482,1.09381590448503,66.3824274379662,62.9618290485673,-3.42059838939889,1.23914365527659,19.1859418072007,18.1939709499281,-0.991970857272577,0.972715823932733,31.7436315745932,29.0936121206265,-2.65001945396665,1.07467328094695,12.5576897673925,10.8996411706984,-1.65804859669407,1.03171860871232,math,fixed_2025_parameters
escs_anchor25,OECD35,35,434.823987845921,427.329680318548,-7.49430752737345,1.47292245032936,462.791690634882,457.747946357439,-5.04374427744347,1.48114594351907,489.459040800422,485.411908723269,-4.04713207715344,1.52901112696296,519.139447483436,513.314140668102,-5.8253068153341,1.60466327887784,27.9677027889612,30.4182660388912,2.45056324992999,0.957914990630264,54.6350529545013,58.0822284047213,3.44717545022002,1.07044128849153,84.3154596375151,85.9844603495544,1.66900071203935,1.26820549234701,26.6673501655401,27.6639623658301,0.996612200290031,0.992448030938944,56.3477568485538,55.5661943106632,-0.781562537890636,1.17194310202304,29.6804066830138,27.9022319448331,-1.77817473818067,1.04788958906714,math,fixed_2025_parameters
escs_anchor25,OECD34_without_NLD,34,434.36963455197,427.009467117346,-7.36016743462392,1.47164043044062,462.492181561044,457.301567920185,-5.19061364085928,1.48342367422133,488.654186330167,484.697482076847,-3.95670425332025,1.53324895678488,518.416757071392,512.548473666023,-5.86828340536886,1.61635333751965,28.1225470090744,30.2921008028391,2.16955379376464,0.965639302083015,54.2845517781976,57.6880149595013,3.40346318130366,1.07144968986947,84.0471225194223,85.5390065486774,1.49188402925506,1.27877896413877,26.1620047691232,27.3959141566622,1.23390938753903,1.00194877747203,55.9245755103479,55.2469057458383,-0.677669764509574,1.1863766702,29.7625707412247,27.8509915891761,-1.9115791520486,1.05978490744962,math,fixed_2025_parameters
homepos_anchor25,OECD35,35,439.597695783359,429.248338344777,-10.3493574385816,1.49758822209145,476.59671075759,464.120665209949,-12.4760455476411,1.45264037984696,494.475348638913,480.30984819929,-14.1655004396229,1.46326044545736,502.80394590196,486.243563364485,-16.5603825374748,1.48999122124192,36.9990149742307,34.8723268651712,-2.1266881090595,1.14124584404877,54.8776528555536,51.0615098545123,-3.81614300104133,1.20737953128226,63.2062501186005,56.9952250197073,-6.21102509889317,1.32638743831582,17.878637881323,16.1891829893411,-1.68945489198182,1.09163156904925,26.2072351443699,22.1228981545362,-4.08433698983367,1.14900300452178,8.3285972630469,5.93371516519505,-2.39488209785185,1.13848511171233,read,fixed_2025_parameters
homepos_anchor25,OECD34_without_NLD,34,440.384996455153,429.889843486127,-10.4951529690257,1.49893050925755,476.933509022733,464.597841317391,-12.3356677053422,1.45780171314087,494.781059236582,480.858493417612,-13.9225658189698,1.47227741017834,503.360863157993,487.190218707409,-16.1706444505846,1.49618723323793,36.5485125675797,34.7079978312632,-1.84051473631655,1.15493493013549,54.396062781429,50.9686499314849,-3.42741284994406,1.21786487767719,62.97586670284,57.3003752212811,-5.67549148155888,1.33374583743456,17.8475502138492,16.2606521002217,-1.58689811362751,1.1049494642733,26.4273541352603,22.5923773900179,-3.83497674524233,1.15773744175826,8.57980392141104,6.33172528979623,-2.24807863161482,1.15238595074022,read,fixed_2025_parameters
escs_anchor25,OECD35,35,437.677567782,428.656544088494,-9.02102369350661,1.43738226018831,466.174609763558,457.134798065015,-9.03981169854268,1.43552738122043,493.588243199363,484.293126738277,-9.29511646108665,1.4903826068713,520.494864981539,509.02258460973,-11.4722803718097,1.52779749273607,28.4970419815577,28.4782539765217,-0.0187880050360718,1.0984567260945,55.9106754173629,55.6365826497829,-0.274092767580044,1.18495189480598,82.8172971995391,80.366040521236,-2.45125667830308,1.34542096200833,27.4136334358052,27.1583286732612,-0.255304762543972,1.10440743262915,54.3202552179813,51.8877865447143,-2.43246867326701,1.23046538923682,26.9066217821761,24.7294578714531,-2.17716391072304,1.14289238201067,read,fixed_2025_parameters
escs_anchor25,OECD34_without_NLD,34,438.235769648438,429.443885477254,-8.79188417118405,1.43860305734252,466.875245826484,457.927168536565,-8.94807728991981,1.43864645638079,493.798766579082,484.791423315453,-9.00734326362959,1.49515128228088,520.91947594323,509.47984894548,-11.4396269977498,1.53872265340787,28.6394761780461,28.4832830593103,-0.156193118735757,1.10924876950692,55.5629969306439,55.3475378381984,-0.215459092445542,1.18921758039546,82.6837062947919,80.0359634682262,-2.64774282656572,1.35774686791682,26.9235207525978,26.864254778888,-0.0592659737097847,1.11366036287372,54.0442301167458,51.5526804089158,-2.49154970782996,1.24197370470139,27.120709364148,24.6884256300278,-2.43228373412018,1.15508575779695,read,fixed_2025_parameters
homepos_anchor25,OECD35,35,446.974844680372,446.584487019133,-0.390357661238625,3.26953095110839,484.680326919116,483.670202366845,-1.01012455227124,3.25201289803234,503.941099613755,501.838659021847,-2.10244059190813,3.25249590420583,514.797827132106,510.347437076736,-4.45039005537075,3.26918191691177,37.7054822387441,37.0857153477115,-0.619766891032612,1.09325271930472,56.9662549333831,55.2541720027136,-1.71208293066951,1.16915827560809,67.8229824517347,63.7629500576026,-4.06003239413212,1.30074346730504,19.260772694639,18.1684566550021,-1.0923160396369,1.04090777213834,30.1175002129906,26.6772347098911,-3.44026550309951,1.12244825607985,10.8567275183516,8.50877805488898,-2.34794946346261,1.09435096594068,scie,fixed_2025_parameters
homepos_anchor25,OECD34_without_NLD,34,447.31836124191,446.710377795433,-0.607983446477419,3.26928127609329,484.430541806427,483.46335517735,-0.967186629076991,3.25350289975493,503.617466848057,501.659792121979,-1.95767472607878,3.25630844824017,514.686193046632,510.498955073061,-4.18723797357103,3.27236885973823,37.1121805645172,36.7529773819176,-0.359203182599572,1.10376699406738,56.2991056061471,54.9494143265458,-1.34969127960136,1.17560363935717,67.3678318047221,63.7885772776285,-3.57925452709361,1.30639600811237,19.1869250416299,18.1964369446281,-0.990488097001787,1.0501117061377,30.2556512402049,27.0355998957109,-3.22005134449404,1.13087599380891,11.068726198575,8.83916295108276,-2.22956324749225,1.10648491403775,scie,fixed_2025_parameters
escs_anchor25,OECD35,35,445.362826406373,445.114400506624,-0.248425899749066,3.24408047918867,474.900267543494,476.939859515602,2.0395919721081,3.24311823145133,502.6913681696,505.511986177394,2.82061800779394,3.26589237391085,531.376992023179,532.959249554792,1.58225753161366,3.28826744421893,29.5374411371201,31.8254590089773,2.28801787185716,1.04464828216185,57.328541763227,60.39758567077,3.06904390754301,1.14311325178678,86.0141656168051,87.8448490481678,1.83068343136273,1.31616180808338,27.7911006261069,28.5721266617927,0.781026035685841,1.07205616447533,56.476724479685,56.0193900391905,-0.457334440494435,1.21378015657108,28.6856238535781,27.4472633773978,-1.23836047618028,1.10724322148123,scie,fixed_2025_parameters
escs_anchor25,OECD34_without_NLD,34,445.402337600191,445.311761330178,-0.0905762700128321,3.24374108456705,475.0336688988,477.012174532745,1.97850563394451,3.24479335906882,502.341516535771,505.295514727583,2.95399819181199,3.26784837372636,531.128728223762,532.66859750077,1.5398692770076,3.29373058541739,29.6313312986094,31.7004132025668,2.06908190395734,1.05629712564109,56.9391789355801,59.983753397405,3.04457446182482,1.14456003141656,85.7263906235714,87.3568361705919,1.63044554702043,1.32677017980422,27.3078476369707,28.2833401948382,0.975492557867483,1.08098425763781,56.095059324962,55.6564229680251,-0.438636356936911,1.22677678575992,28.7872116879913,27.3730827731869,-1.41412891480439,1.11863374555554,scie,fixed_2025_parameters
