cnt,wave,index,n,weight_Q1,n_Q1,weight_Q2,n_Q2,weight_Q3,n_Q3,weight_Q4,n_Q4
ARG,2022,escs,11719,25.002648128089238,2628,25.0020157526863,2733,25.00884189572909,2933,24.986494223495363,3425
ARG,2022,escs_h,11655,25.00372368241612,2586,25.012170222789386,2756,24.99960884854214,2904,24.984497246252356,3409
ARG,2022,homepos,11784,25.00794041524094,2458,24.993040956321813,2952,25.002968482189907,3051,24.996050146247338,3323
ARG,2022,homepos_h,11527,25.016150461462836,2481,24.99009448252241,2784,25.000451804838704,2985,24.993303251176037,3277
ARG,2022,hisei_h,10611,25.02365533485834,2474,24.978690672068375,2484,25.008781095478895,2645,24.98887289759439,3008
ARG,2022,pared_h,11705,25.000110455806173,2713,25.0002239900577,2766,25.020485781647142,3116,24.97917977248899,3110
ARG,2022,books_h,11675,25.004717815113803,2669,25.007941789321073,2911,25.004443397374683,2928,24.982896998190437,3167
ARG,2022,escs_pca,11655,25.0123913798569,2600,24.999126435475308,2755,24.99981923470486,2902,24.988662949962933,3398
ARG,2022,escs_cc,10416,25.001343988750378,2370,25.007609924493106,2401,24.992777211145864,2615,24.99826887561065,3030
ARG,2022,escs_h_cc,10416,25.01435382354813,2340,24.994824286519798,2454,25.000874819820787,2574,24.98994707011129,3048
ARG,2025,escs,9808,25.019557120844077,2098,24.995597409132785,2310,25.010492157411868,2433,24.974353312611274,2967
ARG,2025,escs_h,9728,25.022086373444,2063,24.991701356325265,2296,24.990182391046822,2419,24.996029879183915,2950
ARG,2025,homepos,10409,25.001243733409922,2126,25.009631672091377,2523,25.019377254699922,2847,24.96974733979878,2913
ARG,2025,homepos_h,10204,25.003246795073785,2082,25.01302176408433,2452,24.995661995668538,2736,24.988069445173345,2934
ARG,2025,hisei_h,8380,25.002442941375534,1825,24.999685300548773,2006,24.99949459826299,2118,24.998377159812698,2431
ARG,2025,pared_h,9087,25.00277357599315,2015,25.00899140529546,2145,24.988400562564372,2423,24.999834456147035,2504
ARG,2025,books_h,10288,25.020492277560383,2302,24.996298298756948,2435,25.00362723828357,2667,24.979582185399096,2884
ARG,2025,escs_pca,9728,25.001117229202453,2050,25.003800795659224,2329,25.006817876968984,2384,24.98826409816933,2965
ARG,2025,escs_cc,7595,25.02120167594387,1582,24.981866156611854,1805,25.017334311695567,1943,24.979597855748697,2265
ARG,2025,escs_h_cc,7595,25.00386807403207,1578,25.040345178116038,1796,24.96342480813366,1934,24.992361939718226,2287
BRA,2022,escs,10334,25.002236661722858,2530,25.011745991931885,2565,24.991953502997116,2608,24.994063843348133,2631
BRA,2022,escs_h,10215,25.001326792401372,2508,25.012853950441215,2539,24.99119680089574,2585,24.994622456261677,2583
BRA,2022,homepos,10505,25.004227058041067,2587,24.9968273418241,2588,25.012207816484334,2662,24.986737783650497,2668
BRA,2022,homepos_h,10163,25.00614013023029,2500,25.00129064276701,2517,25.01123017317907,2570,24.98133905382362,2576
BRA,2022,hisei_h,9217,25.001456329001574,2274,25.005077543749277,2295,25.002224964946986,2328,24.99124116230216,2320
BRA,2022,pared_h,10257,25.010260124819684,2507,24.995290392750558,2575,24.999050198516894,2604,24.99539928391285,2571
BRA,2022,books_h,10345,25.002642912764603,2560,24.999175156249795,2568,25.009369266855437,2587,24.988812664130165,2630
BRA,2022,escs_pca,10215,25.009509715584635,2511,25.000452003346407,2535,24.99866585316537,2579,24.991372427903595,2590
BRA,2022,escs_cc,8949,25.011385095408983,2200,24.989659228150444,2219,25.00244668462916,2244,24.996508991811407,2286
BRA,2022,escs_h_cc,8949,25.019109795295535,2196,24.98235819047972,2215,25.003346790844027,2261,24.9951852233807,2277
BRA,2025,escs,27442,25.00562098979103,7211,25.005073683457937,6862,24.99227149650635,6858,24.997033830244675,6511
BRA,2025,escs_h,27218,25.001544195876036,7114,25.002973108098924,6774,25.016065095102473,6780,24.97941760092257,6550
BRA,2025,homepos,29332,25.00381067836322,8213,25.002502607272717,7556,24.99443538071128,7001,24.999251333652783,6562
BRA,2025,homepos_h,28700,25.000556932777894,7951,25.006252819033428,7293,24.9944118056095,6864,24.998778442579187,6592
BRA,2025,hisei_h,22027,25.00282553029057,5545,25.00228003023108,5491,24.99703323511577,5437,24.99786120436258,5554
BRA,2025,pared_h,26592,25.00836146630192,6734,24.99316992949171,6592,25.012199659480956,6701,24.986268944725413,6565
BRA,2025,books_h,28990,25.003946728129986,7559,24.99864464320815,7321,24.99763928551664,7281,24.999769343145232,6829
BRA,2025,escs_pca,27218,25.005057779057626,7117,25.001849353073492,6797,24.998539085112267,6779,24.994553782756622,6525
BRA,2025,escs_cc,20970,25.003442248438684,5556,25.001781922668084,5208,24.998782704327144,5229,24.995993124566088,4977
BRA,2025,escs_h_cc,20970,25.003986594752217,5518,24.99810452312665,5215,24.99808631766774,5186,24.999822564453385,5051
CHL,2022,escs,6181,25.015472947929034,1210,25.01687825577897,1249,24.982493296708444,1408,24.985155499583556,2314
CHL,2022,escs_h,6176,25.01549802865225,1209,24.992342862409473,1243,25.008305680125694,1411,24.983853428812587,2313
CHL,2022,homepos,6226,25.005809238618884,1233,25.0111929172259,1318,24.99319038242168,1487,24.98980746173353,2188
CHL,2022,homepos_h,6207,25.005472307588818,1228,25.002538988873116,1298,25.006501046852534,1475,24.98548765668554,2206
CHL,2022,hisei_h,5756,25.016452222187798,1149,24.997297122744197,1175,25.002966230209175,1391,24.983284424858834,2041
CHL,2022,pared_h,6105,25.005653725719995,1207,24.998770281201406,1291,24.997263872350867,1735,24.99831212072773,1872
CHL,2022,books_h,6217,25.000778863820678,1272,25.035189457790253,1386,24.99635064414728,1569,24.967681034241792,1990
CHL,2022,escs_pca,6176,25.018032043951095,1213,24.98752866132469,1244,24.999107227917445,1399,24.995332066806778,2320
CHL,2022,escs_cc,5667,25.01288554361648,1101,25.015936501508804,1125,24.9793146280627,1287,24.99186332681203,2154
CHL,2022,escs_h_cc,5667,25.00827772541811,1099,25.00252418046394,1132,24.999940122558442,1280,24.989257971559518,2156
CHL,2025,escs,5977,25.002951899403588,1250,25.00343493873552,1346,24.99621609266246,1466,24.99739706919843,1915
CHL,2025,escs_h,5965,25.01142570201902,1243,24.99591328306804,1345,24.997949727113415,1467,24.994711287799515,1910
CHL,2025,homepos,6167,25.012122028068536,1328,24.997486512167086,1398,25.000364749479377,1528,24.990026710285004,1913
CHL,2025,homepos_h,6121,25.01056528543595,1319,25.00132593202559,1380,24.99716171760789,1526,24.990947064930566,1896
CHL,2025,hisei_h,5159,25.016544665320755,1100,24.99021905904742,1166,24.996495171435807,1296,24.99674110419603,1597
CHL,2025,pared_h,5841,25.015814185678725,1249,24.98549505615116,1340,25.01290677974647,1575,24.98578397842365,1677
CHL,2025,books_h,6134,25.006373960717376,1365,25.011097741168605,1404,24.995868896009526,1553,24.986659402104486,1812
CHL,2025,escs_pca,5965,25.00850635336907,1247,25.001101869257116,1341,25.00067538846112,1465,24.989716388912697,1912
CHL,2025,escs_cc,4994,25.004686153805743,1028,25.000034266502006,1120,25.00227736309873,1224,24.993002216593528,1622
CHL,2025,escs_h_cc,4994,25.004295698074575,1031,25.01441607168604,1115,24.997487646729017,1232,24.98380058351038,1616
COL,2022,escs,7459,25.006491913622277,1633,24.998804851591792,1850,24.995711956966304,1927,24.998991277819638,2049
COL,2022,escs_h,7445,25.005767119326148,1624,24.994699567716573,1841,25.00274650052858,1951,24.996786812428706,2029
COL,2022,homepos,7478,25.047579106663807,1606,24.96003312243737,1742,24.99327705020843,1990,24.999110720690407,2140
COL,2022,homepos_h,7397,25.01177298794469,1586,25.000406877458,1728,25.004690589510314,1989,24.983129545086996,2094
COL,2022,hisei_h,7193,25.006303818175894,1602,24.995126605589782,1808,25.025912774764574,1848,24.97265680146975,1935
COL,2022,pared_h,7447,25.024105771590314,1755,24.977447950363725,1860,25.00474925253059,1914,24.99369702551536,1918
COL,2022,books_h,7435,25.001102288032037,1694,24.999193973569593,1751,25.013919227922475,1913,24.98578451047589,2077
COL,2022,escs_pca,7445,25.00273723583186,1631,25.000396862897944,1839,25.012739478745623,1946,24.984126422524582,2029
COL,2022,escs_cc,7117,25.01867142754303,1559,24.98975253725005,1760,25.005273939215215,1853,24.986302095991725,1945
COL,2022,escs_h_cc,7117,25.0117757798017,1553,24.99193873298845,1758,25.00148207259644,1870,24.99480341461343,1936
COL,2025,escs,6829,25.00006409395343,1609,25.00455191669336,1698,25.01090457224249,1717,24.984479417110727,1805
COL,2025,escs_h,6805,25.007668343171304,1589,24.998717392881776,1714,25.003896606159156,1706,24.989717657787757,1796
COL,2025,homepos,7078,25.00842658745816,1658,24.996788683403157,1717,25.003577803888586,1810,24.991206925250086,1893
COL,2025,homepos_h,7002,25.014134594213655,1650,24.988879028122728,1669,25.008244148109707,1801,24.988742229553903,1882
COL,2025,hisei_h,6084,25.00145254960135,1457,25.003770507476016,1522,25.008440780038523,1521,24.9863361628841,1584
COL,2025,pared_h,6585,25.014667724922806,1552,25.012690302400113,1659,24.9927573107858,1692,24.97988466189129,1682
COL,2025,books_h,7016,25.013227026150002,1651,24.989940030579398,1702,25.010478960464262,1764,24.98635398280634,1899
COL,2025,escs_pca,6805,25.020103620500183,1599,25.0340271757277,1702,24.9551173037089,1701,24.990751900063213,1803
COL,2025,escs_cc,5802,25.009723577085857,1364,24.99728300098943,1452,25.008902365096713,1443,24.984091056827992,1543
COL,2025,escs_h_cc,5802,25.006037598251805,1353,25.01427796987554,1463,24.999292190300174,1453,24.980392241572478,1533
MEX,2022,escs,6270,25.009471766060187,1512,24.99654724853979,1587,24.998742514806104,1559,24.995238470593915,1612
MEX,2022,escs_h,6262,25.000348825247134,1502,25.00462143774772,1601,25.00305706609515,1557,24.991972670910002,1602
MEX,2022,homepos,6270,25.00848256935667,1551,25.007610397136588,1575,24.987380162002577,1553,24.996526871504148,1591
MEX,2022,homepos_h,6219,25.014575339759556,1554,24.98974442649137,1540,24.998990935936447,1547,24.996689297812612,1578
MEX,2022,hisei_h,6053,25.00304636994046,1452,24.998220423635182,1522,25.016486462269164,1546,24.982246744155184,1533
MEX,2022,pared_h,6263,25.01138881894171,1497,24.99328544499393,1578,24.995471373463094,1586,24.99985436260127,1602
MEX,2022,books_h,6258,25.01319426205882,1548,24.98819082229011,1573,25.007058063723907,1570,24.991556851927175,1567
MEX,2022,escs_pca,6262,25.000788179920644,1508,25.01011129060172,1598,24.995144908359272,1552,24.99395562111836,1604
MEX,2022,escs_cc,6001,25.00957898222884,1458,24.997046451584403,1522,25.004842416841583,1485,24.988532149345176,1536
MEX,2022,escs_h_cc,6001,25.006128758554233,1452,25.00780289329171,1537,24.994082650761744,1477,24.991985697392323,1535
MEX,2025,escs,7669,25.009807473430538,1827,25.010285712209203,1939,24.991629898226808,1940,24.988276916133454,1963
MEX,2025,escs_h,7659,25.00650716395707,1820,24.999099093350985,1931,24.9970638828866,1942,24.997329859805344,1966
MEX,2025,homepos,7818,25.00386933199658,1875,24.99638732507454,1944,25.009200121328128,1989,24.990543221600756,2010
MEX,2025,homepos_h,7796,25.000713162578435,1855,25.00156042279609,1951,25.007911905994945,1986,24.98981450863052,2004
MEX,2025,hisei_h,7005,25.012915035761466,1686,24.993394495291582,1769,25.00399441934749,1774,24.989696049599456,1776
MEX,2025,pared_h,7466,25.00476606282745,1790,25.00822422812109,1888,24.994382475562915,1926,24.992627233488538,1862
MEX,2025,books_h,7753,25.007597504515072,1886,25.00966663728053,1914,25.003534478683402,1972,24.979201379520994,1981
MEX,2025,escs_pca,7659,25.002396728495103,1817,25.000974385707373,1936,25.002865326177588,1940,24.993763559619936,1966
MEX,2025,escs_cc,6796,25.003567915322446,1624,25.006222661958294,1718,25.001246082819023,1717,24.98896333990023,1737
MEX,2025,escs_h_cc,6796,25.003415602420176,1621,25.00209920666623,1715,25.000486454157418,1723,24.99399873675616,1737
PER,2022,escs,6923,25.010303764588627,1677,24.993711375507218,1716,25.007854639769324,1736,24.98813022013483,1794
PER,2022,escs_h,6915,25.008064691716868,1681,24.996573730146526,1703,25.001085844724802,1739,24.994275733411808,1792
PER,2022,homepos,6927,25.015019614935564,1682,25.021088451884637,1677,24.965174497778822,1756,24.998717435400973,1812
PER,2022,homepos_h,6828,25.017014390718117,1664,24.998306162882965,1660,24.989679581564037,1718,24.994999864834877,1786
PER,2022,hisei_h,6800,25.007618819072484,1669,24.998238730556917,1681,25.003923268568695,1696,24.9902191818019,1754
PER,2022,pared_h,6918,25.012040657432877,1695,24.992282321406602,1722,25.000942411681176,1764,24.99473460947934,1737
PER,2022,books_h,6899,25.003706275206593,1689,25.001575727538576,1708,24.994789173264454,1722,24.999928823990363,1780
PER,2022,escs_pca,6915,25.005323857270298,1679,24.999423080824947,1709,25.00132191788875,1738,24.993931144016003,1789
PER,2022,escs_cc,6706,25.007896158648514,1627,25.006332675804057,1661,25.008798841229897,1679,24.976972324317533,1739
PER,2022,escs_h_cc,6706,25.013994033413073,1634,24.996627651834245,1653,24.99878162254947,1680,24.99059669220321,1739
PER,2025,escs,6650,25.001478910967897,1592,25.01239365606995,1688,25.006576297901468,1656,24.979551135060685,1714
PER,2025,escs_h,6632,25.004429187054765,1587,25.002478411244514,1684,24.996972758939773,1654,24.99611964276096,1707
PER,2025,homepos,6911,25.01861138839469,1670,24.986413012501117,1716,25.006290841714,1750,24.988684757390203,1775
PER,2025,homepos_h,6854,25.00311058362618,1669,25.009182751432323,1692,24.991362780769336,1739,24.996343884172166,1754
PER,2025,hisei_h,5974,25.01422267807992,1414,24.999816947389643,1500,24.998307855387093,1523,24.987652519143335,1537
PER,2025,pared_h,5956,25.00465698883511,1452,24.998827953912794,1499,25.0084772109536,1486,24.988037846298496,1519
PER,2025,books_h,6879,25.003947426896264,1719,25.002114251542555,1699,25.018304701782807,1706,24.97563361977838,1755
PER,2025,escs_pca,6632,25.000432307063885,1585,25.006658744267614,1680,25.006988899202405,1655,24.985920049466106,1712
PER,2025,escs_cc,5241,25.009527818976952,1255,25.0066080993702,1326,25.00012042332896,1295,24.983743658323874,1365
PER,2025,escs_h_cc,5241,25.00910327707695,1259,24.99773240904716,1319,25.00398742536478,1304,24.989176888511107,1359
URY,2022,escs,6508,25.013910551742615,1608,25.00088869664788,1629,24.991989159920116,1598,24.993211591689384,1673
URY,2022,escs_h,6477,25.001073682099438,1602,25.01625836664277,1617,24.988922896078872,1594,24.993745055178916,1664
URY,2022,homepos,6561,25.014921150458413,1597,24.99448881090222,1631,24.998965666173,1641,24.99162437246638,1692
URY,2022,homepos_h,6441,25.005299104550357,1573,24.995511584526895,1589,25.013429383250323,1619,24.985759927672436,1660
URY,2022,hisei_h,6011,25.007079451051005,1509,24.995278369844183,1471,25.00636176640344,1487,24.99128041270139,1544
URY,2022,pared_h,6471,25.01394473855289,1606,25.001822024632855,1625,24.993767693976032,1610,24.990465542838223,1630
URY,2022,books_h,6526,25.01586303078566,1622,24.984339063150852,1624,25.0061371994594,1616,24.9936607066041,1664
URY,2022,escs_pca,6477,25.011756065346347,1605,24.99961332653598,1615,24.997130323477958,1592,24.991500284639727,1665
URY,2022,escs_cc,5885,25.037261943759567,1461,24.967222634105823,1464,25.006673570357982,1444,24.98884185177663,1516
URY,2022,escs_h_cc,5885,25.02036987179348,1463,24.98361123420871,1458,25.013923570711178,1450,24.98209532328665,1514
URY,2025,escs,6235,25.01377560609171,1571,24.99552543604272,1572,25.004802543963972,1544,24.98589641390159,1548
URY,2025,escs_h,6204,25.007182055002257,1563,25.000829832435976,1564,25.024218506431026,1530,24.96776960613074,1547
URY,2025,homepos,6465,25.003104107424758,1637,24.99825822524243,1614,25.00484089407024,1605,24.993796773262556,1609
URY,2025,homepos_h,6371,25.006137622095906,1612,25.000688896048715,1593,25.00616355559058,1585,24.987009926264808,1581
URY,2025,hisei_h,5628,25.004131150800355,1406,25.007566636958735,1422,25.01073955447569,1389,24.977562657765223,1411
URY,2025,pared_h,6094,25.00550429091791,1539,25.0104268815541,1524,24.985270292647535,1512,24.998798534880432,1519
URY,2025,books_h,6403,25.009954489693015,1609,25.016942053855555,1612,24.978645567956363,1581,24.994457888495067,1601
URY,2025,escs_pca,6204,25.01691588541311,1560,24.991952280773116,1569,24.998760607076782,1529,24.99237122673699,1546
URY,2025,escs_cc,5448,25.00141822275774,1366,25.017119931132232,1374,24.995655873295945,1344,24.985805972814077,1364
URY,2025,escs_h_cc,5448,25.005876548687123,1368,25.010721686525017,1369,24.984959123682145,1346,24.998442641105708,1365
