cnt,index,n_systems,countries,status,Q1_2022,Q1_2025,Q1_change,Q1_se,Q2_2022,Q2_2025,Q2_change,Q2_se,Q3_2022,Q3_2025,Q3_change,Q3_se,Q4_2022,Q4_2025,Q4_change,Q4_se,Q2-Q1_2022,Q2-Q1_2025,Q2-Q1_change,Q2-Q1_se,Q3-Q1_2022,Q3-Q1_2025,Q3-Q1_change,Q3-Q1_se,Q4-Q1_2022,Q4-Q1_2025,Q4-Q1_change,Q4-Q1_se,Q3-Q2_2022,Q3-Q2_2025,Q3-Q2_change,Q3-Q2_se,Q4-Q2_2022,Q4-Q2_2025,Q4-Q2_change,Q4-Q2_se,Q4-Q3_2022,Q4-Q3_2025,Q4-Q3_change,Q4-Q3_se
ARG,escs,1,ARG,both cycles,344.8112058827247,342.32284633804386,-2.4883595446808613,4.438838566266701,362.50217556307496,354.23701215302816,-8.265163410046796,4.357690018381063,384.5663480395166,372.074340791864,-12.492007247652566,5.432779024443942,419.59139327608364,421.49999407606094,1.9086007999773074,6.981039988365637,17.690969680350236,11.914165814984301,-5.776803865365935,4.427980254402159,39.75514215679186,29.751494453820158,-10.003647702971705,5.60805560337272,74.78018739335891,79.17714773801708,4.396960344658169,7.604710578632418,22.064172476441627,17.837328638835857,-4.22684383760577,5.505064779680252,57.08921771300868,67.26298192303278,10.173764210024103,7.268303777282557,35.02504523656705,49.425653284196926,14.400608047629873,6.4729294506795805
BRA,escs,1,BRA,both cycles,348.10894502960826,341.57667593558637,-6.532269094021899,2.7072495010493065,365.0199885644702,367.19414714120273,2.174158576732509,2.8733345305883815,379.4974949460746,387.8101194453932,8.312624499318588,3.8764805352551015,425.4064475167026,431.99680582398094,6.590358307278336,5.578059245555288,16.91104353486196,25.61747120561637,8.706427670754408,2.893191891663862,31.38854991646633,46.23344350980682,14.844893593340487,3.88133674622454,77.29750248709433,90.42012988839457,13.122627401300235,5.765127240079077,14.477506381604371,20.61597230419045,6.138465922586079,3.7922103944958647,60.386458952232374,64.8026586827782,4.416199730545827,5.744004656764621,45.908952570628,44.18668637858775,-1.7222661920402516,5.507016795934718
CHL,escs,1,CHL,both cycles,383.74230080287316,377.5920471563294,-6.150253646543774,4.340869651713313,403.4320295756664,392.04530464802474,-11.386724927641637,4.477111323408726,415.17643839549316,408.3447237308966,-6.831714664596575,4.875790888073508,452.85221006260934,447.28867092451276,-5.563539138096587,5.007425711893728,19.689728772793217,14.453257491695354,-5.236471281097863,4.997741815648301,31.434137592620004,30.752676574567204,-0.6814610180528007,5.489630684642367,69.10990925973618,69.69662376818337,0.5867145084471872,6.4273897375088715,11.744408819826788,16.29941908287185,4.555010263045062,5.4611247798728115,49.42018048694297,55.24336627648802,5.82318578954505,5.8231696485113575,37.67577166711618,38.94394719361617,1.2681755264999879,5.484914663034986
COL,escs,1,COL,both cycles,351.657763356477,350.4688905562199,-1.1888728002571156,4.18235015158451,369.6691864423028,373.1685363601852,3.499349917882398,4.321940192854321,384.2044345673045,388.05745567716866,3.853021109864187,6.055405301614433,430.21297769345813,428.55562757004145,-1.657350123416677,8.655759369129896,18.01142308582581,22.699645803965325,4.688222718139514,4.835601273747248,32.54667121082747,37.58856512094877,5.041893910121303,5.831820316841232,78.55521433698112,78.08673701382156,-0.46847732315956137,9.249389483545936,14.535248125001658,14.888919316983447,0.353671191981789,5.152163118447181,60.54379125115531,55.38709120985624,-5.156700041299075,8.830439522606861,46.008543126153654,40.49817189287279,-5.510371233280864,7.538366779249906
MEX,escs,1,MEX,both cycles,369.1964651437033,362.65924264442464,-6.537222499278641,3.5235875115963897,385.84056690470385,381.73170253905545,-4.108864365648401,3.442997001856934,397.7417315451392,392.3017928341875,-5.439938710951708,5.0102956764208955,427.6472404806056,419.82681578657264,-7.820424694032965,5.681407512662046,16.64410176100057,19.07245989463081,2.4283581336302404,3.791286095852565,28.545266401435924,29.642550189762858,1.0972837883269335,5.074661348770161,58.450775336902325,57.167573142148,-1.283202194754324,5.950169576735552,11.901164640435354,10.570090295132047,-1.331074345303307,4.781251024722575,41.806673575901755,38.09511324751719,-3.7115603283845644,5.771957191309449,29.9055089354664,27.525022952385143,-2.3804859830812575,5.804502422314496
PER,escs,1,PER,both cycles,350.70324501936733,350.42002612919975,-0.28321889016757495,3.7536496696745094,378.63468386522163,372.39780324849994,-6.236880616721692,4.8878329849253355,400.2165732922587,392.37846779751794,-7.838105494740773,5.064482852060513,436.69382801242864,424.89792190456757,-11.795906107861072,6.283487595317256,27.931438845854302,21.977777119300185,-5.953661726554117,4.699872223811673,49.513328272891385,41.95844166831819,-7.554886604573198,5.415522734213441,85.99058299306131,74.47789577536781,-11.512687217693497,6.662850253882559,21.581889427037083,19.980664549018,-1.6012248780190816,4.839557356847512,58.05914414720701,52.50011865606763,-5.55902549113938,6.788411683717459,36.477254720169924,32.519454107049626,-3.9578006131202983,6.365957756611199
URY,escs,1,URY,both cycles,371.2191068071087,368.9377982348966,-2.281308572212083,4.357311002043767,393.80990438618784,390.39844150786683,-3.4114628783210037,4.03728200959821,411.52990541377073,411.9536827057697,0.42377729199898795,4.5740301050375605,461.843520652788,462.36023535745136,0.5167147046633431,5.195716301249558,22.59079757907915,21.46064327297023,-1.1301543061089205,4.893295450251816,40.31079860666205,43.01588447087312,2.705085864211071,5.055752066873561,90.62441384567933,93.42243712255475,2.7980232768754263,6.19053878618582,17.720001027582896,21.555241197902888,3.8352401703199916,4.883201145294449,68.03361626660018,71.96179384958452,3.928177582984347,6.113248983957204,50.31361523901728,50.406552651681636,0.09293741266435518,5.887077993243385
LATAM7,escs,7,"ARG,BRA,CHL,COL,MEX,PER,URY",both cycles,359.91986172026606,356.28250385638574,-3.637357863880311,1.8701315230676234,379.8440764716611,375.8818496568375,-3.962226814823566,1.9194322721550208,396.13327517136537,393.27436899754247,-2.858906173822902,2.209303427694254,436.32108824209655,433.7751530633126,-2.5459351787839637,2.638471350685454,19.924214751395027,19.599345800451772,-0.3248689509432552,1.6705432388721249,36.21341345109931,36.99186514115672,0.778451690057409,1.975884917231393,76.4012265218305,77.49264920692684,1.0914226850963473,2.618816221494108,16.289198699704286,17.39251934070495,1.1033206410006642,1.869096675642854,56.47701177043547,57.89330340647507,1.4162916360396025,2.53335960030875,40.18781307073118,40.50078406577012,0.3129709950389383,2.3387274843279697
ARG,escs_h,1,ARG,both cycles,346.2719134728594,341.7781407560327,-4.493772716826697,4.293177656193984,364.1880093842625,357.6900455735912,-6.497963810671308,4.558256548244004,385.47362616751946,372.5411879205438,-12.932438246975664,4.91126410342912,418.7047985023649,423.3402932968194,4.63549479445453,6.6060187562854615,17.91609591140309,15.91190481755848,-2.004191093844611,4.386778630122461,39.201712694660046,30.76304716451108,-8.438665530148967,5.393612605264722,72.43288502950548,81.56215254078671,9.129267511281228,7.371567497676196,21.285616783256955,14.8511423469526,-6.434474436304356,4.480889618553065,54.516789118102395,65.65024772322823,11.133458605125838,6.522785186030062,33.23117233484544,50.799105376275634,17.567933041430194,5.949948925823129
BRA,escs_h,1,BRA,both cycles,349.4920721108244,341.5842420284615,-7.907830082362864,2.7893493538587246,365.59927274589086,367.7314178288915,2.132145083000637,3.0532922885723224,382.66271162866036,389.4387201774638,6.776008548803418,3.4775867827546785,424.7821210297695,432.7537319882983,7.9716109585287995,5.650812581890139,16.107200635066476,26.147175800429977,10.0399751653635,3.121694432718844,33.17063951783598,47.85447814900226,14.683838631166282,3.671402720636509,75.2900489189451,91.16948995983677,15.879441040891663,5.9129052685413805,17.063438882769503,21.707302348572284,4.643863465802781,3.4435504880500543,59.18284828387863,65.02231415940679,5.8394658755281625,5.744913864476165,42.119409401109124,43.315011810834505,1.1956024097253817,5.420771605311673
CHL,escs_h,1,CHL,both cycles,385.65380885239324,376.3055545894877,-9.348254262905527,4.289972071050151,402.82415452248796,390.74456200913767,-12.079592513350292,4.282971158949701,416.58350685453604,409.8292149752589,-6.754291879277162,4.371348467824854,450.39120790258966,449.6273784493128,-0.7638294532768555,5.268556805645341,17.17034567009472,14.439007419649954,-2.7313382504447645,4.623347342895799,30.9296980021428,33.523660385771166,2.593962383628366,5.179619757056211,64.73739905019642,73.32182385982509,8.584424809628672,6.584629316778962,13.759352332048081,19.08465296612121,5.32530063407313,4.533302626622902,47.5670533801017,58.882816440175134,11.315763060073436,5.468114252171776,33.807701048053616,39.79816347405392,5.990462426000306,5.64101538293143
COL,escs_h,1,COL,both cycles,352.1637078302236,350.3476075704566,-1.8161002597669835,3.9512181354217746,369.8161860001053,371.78831955696495,1.97213355685966,4.820835313075863,387.36112243268565,389.75446113263973,2.3933386999540858,5.5043118630726005,427.3790241365356,429.5875811844245,2.2085570478889167,9.199595784566462,17.652478169881704,21.440711986508347,3.7882338166266436,5.152174200759854,35.19741460246206,39.40685356218313,4.209438959721069,5.686373287221558,75.21531630631199,79.23997361396789,4.0246573076559,9.78001742219118,17.544936432580357,17.966141575674783,0.4212051430944257,4.732300549810944,57.56283813643029,57.79926162745954,0.23642349102925664,9.21398499244159,40.01790170384993,39.83312005178476,-0.18478165206516906,8.21111729509847
MEX,escs_h,1,MEX,both cycles,369.9393464844985,362.1674936900812,-7.7718527944173275,3.5097776454315537,386.1593562097853,380.7368378049795,-5.422518404805828,3.6796712640356417,398.2410934710623,393.7770093929972,-4.464084078065127,4.825288727477456,426.62744330815167,420.54056262381374,-6.0868806843379275,5.468801152410202,16.220009725286786,18.569344114898286,2.3493343896114993,4.06158420051442,28.301746986563785,31.609515702915985,3.3077687163522,5.026057973065826,56.688096823653154,58.373068933732554,1.6849721100794,5.958319841930492,12.081737261276999,13.0401715880177,0.9584343267407007,4.568925564501726,40.46808709836637,39.80372481883427,-0.6643622795320994,5.37531874456241,28.38634983708937,26.76355323081657,-1.6227966062728,5.436420877667246
PER,escs_h,1,PER,both cycles,352.3167643966241,350.43151991021847,-1.885244486405611,3.7064372632245792,376.7168214360721,371.0710491121166,-5.645772323955498,4.816053132652566,401.3507345959394,393.25912880034383,-8.09160579559557,5.212611498741597,436.3349999948101,426.88529768934575,-9.44970230546437,5.870025320953622,24.40005703944803,20.639529201898142,-3.760527837549887,4.376400808095768,49.03397019931532,42.82760889012536,-6.206361309189958,5.412854985072656,84.01823559818604,76.45377777912728,-7.5644578190587595,6.387461858294974,24.63391315986729,22.18807968822722,-2.4458334716400714,4.692237672799042,59.61817855873801,55.81424857722914,-3.8039299815088725,6.3049319414837965,34.98426539887072,33.62616888900192,-1.3580965098688011,6.143317390047429
URY,escs_h,1,URY,both cycles,372.52992978468683,367.3113502067439,-5.218579577942933,4.0660448996048295,392.7349309722378,392.7935944695287,0.05866349729092235,4.510734496112876,414.6681647163012,411.70880408494395,-2.9593606313572423,4.340250720479137,460.9317544342142,463.93810186783213,3.0063474336179183,5.41837355411292,20.205001187550977,25.482244262784832,5.277243075233855,5.149737134450034,42.13823493161436,44.397453878200054,2.2592189465856904,4.752808804237964,88.40182464952738,96.62675166108824,8.224927011560851,6.24777719958485,21.933233744063386,18.915209615415222,-3.0180241286481646,5.025239007371911,68.19682346197641,71.1445073983034,2.947683936326996,6.277827117791416,46.26358971791302,52.22929778288818,5.965708064975161,6.161449384274406
LATAM7,escs_h,7,"ARG,BRA,CHL,COL,MEX,PER,URY",both cycles,361.19536327601566,355.70370125021174,-5.491662025803919,1.8368649354421336,379.7198187529774,376.07940376503,-3.640414987947395,1.975763689629104,398.04870855238636,394.3297894977416,-3.7189190546447435,2.1064796423363275,435.02162132977656,435.2389924428353,0.21737111305873213,2.650367611556194,18.524455476961748,20.375702514818272,1.851247037856524,1.6847344933065518,36.8533452763707,38.62608824752988,1.7727429711591753,1.9106735975895721,73.82625805376091,79.53529119262356,5.709033138862651,2.6482358562684034,18.328889799408955,18.250385732711607,-0.07850406669734866,1.7084849190288254,55.30180257679916,59.15958867780529,3.857786101006127,2.4677755269628037,36.972912777390206,40.90920294509368,3.9362901677034756,2.3442880553229464
ARG,homepos,1,ARG,both cycles,338.7818480512122,337.8517730990177,-0.9300749521945022,4.449969928284902,367.1932396149292,355.88316870702533,-11.310070907903878,4.5263238605939895,390.21397266835044,377.09964295241855,-13.114329715931888,4.686898406044465,414.3519549979313,405.02563888189553,-9.326316116035741,6.553403544122092,28.411391563717018,18.031395608007642,-10.379995955709376,4.281533030951662,51.43212461713824,39.24786985340086,-12.184254763737385,5.2099786742422705,75.57010694671908,67.17386578287784,-8.396241163841239,7.064042749276201,23.020733053421225,21.216474245393215,-1.8042588080280098,4.445241026618452,47.15871538300206,49.1424701748702,1.9837547918681366,6.681725874694028,24.137982329580836,27.925995929476983,3.7880135998961464,5.754307407535652
BRA,homepos,1,BRA,both cycles,341.7167759405264,343.4995455111046,1.782769570578182,2.7492733292859155,361.19966786747045,359.86946190445985,-1.3302059630105987,2.899373468902686,385.83945422885483,386.3058156126557,0.4663613838008587,3.834543525586485,427.2814146180591,422.86284073982534,-4.418573878233758,5.02837108386903,19.482891926944035,16.369916393355254,-3.1129755335887808,2.885518725260467,44.122678288328416,42.80627010155109,-1.3164081867773234,3.8843185221709757,85.56463867753268,79.36329522872074,-6.20134344881194,5.264091802698651,24.63978636138438,26.43635370819584,1.7965673468114574,3.368130087980881,66.08174675058865,62.99337883536549,-3.0883679152231593,4.990083357108438,41.44196038920427,36.55702512716965,-4.884935262034617,4.7905478679550555
CHL,homepos,1,CHL,both cycles,378.34203966360235,380.638444230853,2.2964045672506472,4.10402910605495,404.04455492773525,396.49255140035416,-7.552003527381089,4.54205724896753,421.03888494988206,407.5954674959838,-13.443417453898235,4.7981489286285335,449.656870528859,431.88276126951797,-17.774109259341003,5.062347720693405,25.7025152641329,15.854107169501162,-9.848408094631736,4.7997993116627065,42.69684528627971,26.95702326513083,-15.739822021148882,5.339935421682049,71.31483086525662,51.244317038664974,-20.07051382659165,5.9384519633691255,16.994330022146812,11.102916095629666,-5.891413926517146,5.435661765888324,45.612315601123726,35.39020986916381,-10.222105731959914,5.5538957343581155,28.617985578976914,24.287293773534145,-4.330691805442768,5.531459226857753
COL,homepos,1,COL,both cycles,345.054323691981,348.11236911872385,3.058045426742865,4.072110989573608,366.4046636703896,368.14295221569745,1.738288545307853,4.981764864133293,391.7630618812412,390.7331957846096,-1.0298660966315651,6.1580606164244225,431.6554415291657,422.81803331041317,-8.837408218752557,7.327382321442074,21.350339978408613,20.0305830969736,-1.319756881435012,4.824543967039035,46.7087381892602,42.62082666588577,-4.08791152337443,6.450742970628053,86.60111783718474,74.70566419168932,-11.895453645495422,8.216373432980857,25.35839821085159,22.59024356891217,-2.768154641939418,4.725299646779184,65.25077785877613,54.67508109471572,-10.57569676406041,7.048713605904606,39.89237964792454,32.08483752580355,-7.807542122120992,6.429794074233008
MEX,homepos,1,MEX,both cycles,362.52430085757976,364.69867732152625,2.174376463946487,3.71655549867374,387.76300875217964,381.311939081608,-6.4510696705716555,3.943701130376387,402.6170938764157,395.57203481591444,-7.0450590605012735,4.0376158231714525,427.6414080368178,409.8835785529592,-17.757829483858586,5.689052081229569,25.238707894599884,16.61326176008174,-8.625446134518143,4.158541350629798,40.09279301883595,30.873357494388188,-9.21943552444776,4.443083426092349,65.11710717923802,45.184901231432946,-19.932205947805073,6.279646131728561,14.854085124236065,14.260095734306447,-0.593989389929618,4.0947034717614645,39.878399284638135,28.571639471351205,-11.30675981328693,5.484132113114647,25.02431416040207,14.311543737044758,-10.712770423357313,5.209630726866944
PER,homepos,1,PER,both cycles,353.6244612467249,350.8882151841791,-2.7362460625457743,3.9844428527388436,374.0999452847544,370.9995860641637,-3.1003592205907466,4.964524251598329,405.01437625782,394.3693245967284,-10.6450516610916,5.435031171316007,433.2526284322615,415.4734193308324,-17.779209101429046,5.642172097962734,20.47548403802955,20.111370879984577,-0.36411315804497235,4.761698584819521,51.38991501109513,43.4811094125493,-7.908805598545825,5.794480266477186,79.6281671855366,64.58520414665333,-15.042963038883272,6.273681033814584,30.914430973065578,23.369738532564725,-7.544692440500853,5.029880071612506,59.15268314750705,44.47383326666875,-14.6788498808383,6.418449082864147,28.23825217444147,21.104094734104024,-7.134157440337447,6.167833868861435
URY,homepos,1,URY,both cycles,362.1229857946552,376.4059278050432,14.282942010387956,4.520153596247494,397.63252364718227,394.1926342276094,-3.4398894195728644,3.993094542362882,419.40397603248914,412.57993766869686,-6.824038363792283,4.458184937083288,456.4832584548323,440.4028492658641,-16.08040918896819,5.05807894092331,35.509537852527046,17.786706422566226,-17.72283142996082,4.88221420283337,57.28099023783392,36.17400986365368,-21.10698037418024,5.117308512123467,94.36027266017709,63.99692146082094,-30.363351199356146,6.246076769578324,21.771452385306873,18.387303441087454,-3.384148944219419,4.897342099259152,58.85073480765004,46.21021503825472,-12.640519769395326,5.7667742731964395,37.07928242234317,27.822911597167263,-9.256370825175907,5.618953663731538
LATAM7,homepos,7,"ARG,BRA,CHL,COL,MEX,PER,URY",both cycles,354.5952478923259,357.4421360386354,2.8468881463094817,1.88126660096627,379.7625148235201,375.270327657274,-4.49218716624614,1.984630346973394,402.2701171278648,394.89363127528674,-7.376485852578071,2.1468762438643862,434.3318537997038,421.19273162161534,-13.139122178088485,2.4737226843634335,25.167266931194206,17.828191618638584,-7.339075312555622,1.6707281586855,47.67486923553889,37.45149523665134,-10.223373998887553,1.9787784401588804,79.7366059073779,63.75059558297994,-15.986010324397967,2.4668904281794304,22.507602304344687,19.623303618012756,-2.884298686331931,1.7439668209311223,54.5693389761837,45.922403964341356,-8.646935011842345,2.2794753830877426,32.061736671839014,26.2991003463286,-5.762636325510414,2.141693793021969
ARG,homepos_h,1,ARG,both cycles,346.5416893846853,337.7242451730623,-8.817444211623013,4.302085187270113,369.40294579597946,356.39222417089957,-13.010721625079896,4.585387701788494,391.5796273214638,379.6912285953663,-11.888398726097535,4.983467443596063,412.7854870296302,412.33946346537016,-0.446023564260031,6.318077677099436,22.861256411294164,18.66797899783728,-4.193277413456883,4.483768786216227,45.03793793677852,41.966983422304,-3.070954514474522,5.562783598529638,66.24379764494489,74.61521829230787,8.371420647362982,7.138722808583052,22.176681525484355,23.299004424466716,1.122322898982361,5.003855773787971,43.38254123365073,55.94723929447059,12.564698060819865,6.307089387700516,21.205859708166372,32.648234870003876,11.442375161837504,5.6345426191328585
BRA,homepos_h,1,BRA,both cycles,346.1474257693575,341.93062968141146,-4.2167960879460225,2.7436518692173553,362.9189674667263,360.4558850530483,-2.4630824136780234,3.2005627662221197,390.271178785856,390.15349108456496,-0.11768770129106088,3.8545100744488723,427.4323553038109,426.8566921375067,-0.5756631663041958,4.996984288379043,16.771541697368832,18.52525537163683,1.753713674267999,3.1266354759904864,44.12375301649854,48.2228614031535,4.099108386654962,4.122327297994261,81.2849295344534,84.92606245609522,3.6411329216418267,5.318249596810432,27.352211319129708,29.69760603151667,2.3453947123869625,3.6388438028604835,64.51338783708457,66.40080708445839,1.8874192473738276,5.198229963440334,37.16117651795486,36.70320105294172,-0.4579754650131349,4.662280899576381
CHL,homepos_h,1,CHL,both cycles,382.1419965686742,375.8199928880359,-6.322003680638261,4.171376657150534,407.7015965928094,396.78502799782234,-10.91656859498704,5.1581836703090715,421.87167637686326,408.63818884602705,-13.233487530836214,4.531336850356932,443.14243919939565,438.3899786369666,-4.752460562429064,4.94064598446212,25.559600024135193,20.965035109786413,-4.59456491434878,5.533986823230359,39.729679808189076,32.81819595799112,-6.911483850197953,5.579394678098314,61.000442630721466,62.56998574893066,1.5695431182091966,5.977737799921606,14.170079784053883,11.853160848204709,-2.3169189358491735,5.318120180087623,35.44084260658627,41.60495063914425,6.1641080325579765,5.6691268429275965,21.27076282253239,29.75178979093954,8.48102696840715,5.767876189074895
COL,homepos_h,1,COL,both cycles,351.73789852914706,349.69931946392217,-2.0385790652248943,3.953636380470503,365.75426241963726,365.40895850075503,-0.3453039188822231,4.951899677512475,392.2427596194863,393.62223542137116,1.379475801884837,6.741977437956574,430.4581898246248,425.1388566493027,-5.319333175322129,7.0294014313589095,14.016363890490197,15.709639036832868,1.6932751463426712,4.748179641977935,40.50486109033926,43.92291595744899,3.4180548671097313,6.729893912436931,78.72029129547775,75.43953718538052,-3.2807541100972344,7.663415175250621,26.488497199849064,28.213276920616124,1.72477972076706,5.592516091033025,64.70392740498755,59.72989814854765,-4.974029256439906,7.249661893686593,38.21543020513849,31.516621227931523,-6.698808977206966,7.023171242498697
MEX,homepos_h,1,MEX,both cycles,367.9527623589291,361.457865250335,-6.4948971085941025,3.5579578411383155,386.74398280578464,381.66195142880053,-5.082031376984105,4.18841109039556,406.0032635615874,396.4765571382198,-9.526706423367614,4.381296862209821,423.29880820897296,413.79304592843266,-9.505762280540296,5.3503866548944155,18.79122044685556,20.20408617846556,1.4128657316099975,4.402642575264915,38.050501202658324,35.01869188788481,-3.0318093147735112,4.725825845913025,55.34604585004388,52.335180678097686,-3.010865171946193,6.0886190079012605,19.259280755802763,14.814605709419254,-4.444675046383509,4.22056101458363,36.55482540318832,32.13109449963213,-4.423730903556191,5.669043519708357,17.295544647385555,17.316488790212873,0.020944142827318046,4.941620628306097
PER,homepos_h,1,PER,both cycles,357.87177405810274,350.80886198418705,-7.062912073915697,4.189721126508283,376.9591712213834,368.81825666513487,-8.140914556248504,4.602739768694367,403.9984820689286,395.59310706291836,-8.405375006010217,5.474140537398906,433.209517490334,420.3029897259768,-12.906527764357236,5.53292863752937,19.087397163280627,18.00939468094782,-1.0780024823328063,4.563747441978823,46.12670801082584,44.78424507873132,-1.34246293209452,5.521210068798308,75.33774343223126,69.49412774178973,-5.843615690441538,5.995287787328702,27.03931084754521,26.774850397783496,-0.2644604497617138,5.420576132655621,56.250346268950636,51.484733060841904,-4.765613208108732,6.501942810110915,29.211035421405427,24.70988266305841,-4.501152758347018,6.228016096929748
URY,homepos_h,1,URY,both cycles,368.52587921543073,372.9703115004137,4.444432284982952,4.3186802864890845,400.5652257992666,394.60985755597596,-5.95536824329065,4.213400507779218,422.5429592672805,416.9273892846069,-5.615569982673605,4.526279529867828,452.6744848240768,444.0281305243872,-8.646354299689563,4.984020188565814,32.03934658383588,21.639546055562278,-10.399800528273602,4.892173963659461,54.017080051849746,43.95707778419319,-10.060002267656557,5.61766499670243,84.14860560864605,71.05781902397354,-13.090786584672514,5.9961313091271204,21.977733468013867,22.31753172863091,0.33979826061704443,5.268069737144974,52.10925902481017,49.41827296841126,-2.6909860563989128,5.817412843413955,30.131525556796305,27.100741239780348,-3.030784317015957,5.389831314486804
LATAM7,homepos_h,7,"ARG,BRA,CHL,COL,MEX,PER,URY",both cycles,360.1313465549038,355.7730322773382,-4.358314277565626,1.8650590236155846,381.435164585941,374.8760230532052,-6.559141532735794,2.0273190111143378,404.07284957163796,397.3003139190106,-6.772535652627369,2.203158457719522,431.85732598297784,425.8355938668489,-6.021732116128931,2.4129904329421126,21.303818031037167,19.102990775867,-2.200827255170168,1.7331972958489128,43.941503016734146,41.5272816416724,-2.414221375061743,2.063950102858453,71.72597942807403,70.06256158951072,-1.663417838563305,2.401847805749476,22.63768498569698,22.424290865805403,-0.21339411989157497,1.8778338310130898,50.42216139703686,50.95957081364372,0.537409416606863,2.3024085656522115,27.78447641133988,28.53527994783832,0.750803536498438,2.158686034036541
ARG,hisei_h,1,ARG,both cycles,350.72095221621385,348.8078677206957,-1.9130844955181487,4.313488562430646,369.8377695436001,371.4407419063969,1.6029723627968337,5.03771296397296,394.3551073793681,384.59415154139805,-9.760955837970073,5.125926038004681,414.3014339938836,423.53766521007947,9.236231216195847,6.67579211764043,19.11681732738623,22.632874185701212,3.5160568583149825,5.251562399723141,43.634155163154276,35.78628382070235,-7.847871342451924,5.422712380098118,63.580481777669775,74.72979748938377,11.149315711713996,7.2195598977778515,24.517337835768046,13.15340963500114,-11.363928200766907,5.370337642859737,44.463664450283545,52.09692330368256,7.633258853399013,6.730596612166614,19.9463266145155,38.94351366868142,18.99718705416592,6.013541392822208
BRA,hisei_h,1,BRA,both cycles,354.9096905948246,359.96555477064317,5.055864175818556,2.699014774000282,375.0027746059949,377.8088077200498,2.8060331140549124,2.9467108164465547,395.7282848077573,407.57146036780904,11.843175560051748,4.335570256491244,415.6758557129494,428.70444635432216,13.028590641372773,4.794733100416969,20.093084011170276,17.843252949406633,-2.2498310617636434,3.1517663247918053,40.81859421293268,47.60590559716587,6.787311384233192,4.591422951185846,60.766165118124775,68.73889158367899,7.972726465554217,4.9497282611502404,20.725510201762404,29.76265264775924,9.037142445996835,4.08533725132499,40.6730811069545,50.89563863427236,10.22255752731786,4.885697391749949,19.947570905192094,21.13298598651312,1.1854150813210254,4.434947232724191
CHL,hisei_h,1,CHL,both cycles,395.8288684238822,383.22947872170425,-12.599389702177973,4.322715492404362,403.91703282314717,399.3289590436702,-4.588073779476986,4.884491867744399,421.56865006681966,420.73672599912754,-0.831924067692114,5.110757841801197,450.1642085666607,447.97489244246543,-2.1893161241952726,4.5171922915593266,8.08816439926494,16.099480321965927,8.011315922700987,5.764921230309173,25.73978164293743,37.50724727742329,11.767465634485859,6.313917912822725,54.33534014277848,64.74541372076118,10.4100735779827,5.8722807134893555,17.65161724367249,21.40776695545736,3.7561497117848717,5.938533395641049,46.24717574351354,48.64593339879525,2.398757655281713,5.860263820300476,28.595558499841047,27.23816644333789,-1.3573920565031585,5.37194472180068
COL,hisei_h,1,COL,both cycles,359.2964808061544,360.17106641111684,0.8745856049624194,4.083146266245056,373.86519107437965,379.02196549679985,5.156774422420199,4.6751529692906635,388.8722981703542,399.3573576560602,10.48505948570596,5.831688150958549,420.1325862858953,422.2367561444572,2.1041698585619315,8.357145952874701,14.568710268225232,18.85089908568301,4.282188817457779,4.780557720568488,29.575817364199793,39.186291244943334,9.610473880743541,5.52782261887832,60.836105479740866,62.06568973334038,1.229584253599512,8.74558413988948,15.007107095974561,20.335392159260323,5.328285063285762,5.709103212482881,46.267395211515634,43.21479064765737,-3.0526045638582673,8.547173771926992,31.260288115541073,22.879398488397044,-8.380889627144029,6.851604550922593
MEX,hisei_h,1,MEX,both cycles,375.7156651634203,368.17933353904453,-7.536331624375748,3.8788714994325737,386.8012808630327,384.48824601869546,-2.31303484433721,3.7618838512321773,405.893707773418,401.8499624337809,-4.043745339637098,4.465370916400137,417.6231275161414,413.874540069691,-3.748587446450358,5.048830461243865,11.08561569961239,16.308912479650928,5.223296780038538,4.429358376532798,30.178042609997703,33.67062889473635,3.4925862847386497,4.639564270015017,41.9074623527211,45.69520653064649,3.78774417792539,5.383159760331085,19.092426910385313,17.361716415085425,-1.7307104952998884,4.614787488432546,30.821846653108707,29.38629405099556,-1.4355526021131482,4.842918914122553,11.729419742723394,12.024577635910134,0.29515789318674024,4.817026173557257
PER,hisei_h,1,PER,both cycles,357.83322684226516,351.86941360373874,-5.963813238526427,5.283482746804614,379.67897771876005,376.14973401774876,-3.5292437010112963,4.192095398384707,398.7512031740281,396.96257569895755,-1.788627475070541,5.109516744367257,432.24762030720115,426.27861621546015,-5.969004091740999,5.5093783259933256,21.84575087649489,24.28032041401002,2.434569537515131,5.779286131187661,40.91797633176293,45.093162095218815,4.175185763455886,5.540789642698707,74.41439346493598,74.40920261172141,-0.005190853214571689,6.402679693184971,19.07222545526804,20.812841681208795,1.7406162259407552,5.146860426180108,52.568642588441094,50.12888219771139,-2.4397603907297025,5.946675830792282,33.496417133173054,29.316040516502596,-4.180376616670458,5.49322348889202
URY,hisei_h,1,URY,both cycles,378.3068084836679,379.43976008185496,1.1329515981870486,3.8878139161955856,395.3512380598566,391.3755678740305,-3.975670185826118,4.438013453594589,420.9045622224747,421.7927326401368,0.8881704176621383,4.393511317881536,461.0675708829782,462.94763591627924,1.8800650333010367,5.005423767970956,17.04442957618869,11.935807792175524,-5.108621784013167,4.514949876576955,42.59775373880677,42.35297255828186,-0.24478118052491027,5.066897334408383,82.7607623993103,83.50787583442428,0.7471134351139881,5.731676997457708,25.553324162618082,30.41716476610634,4.863840603488256,4.616409202533331,65.7163328231216,71.57206804224876,5.855735219127155,5.959327684166921,40.16300866050352,41.15490327614242,0.9918946156388984,5.37894825432557
LATAM7,hisei_h,7,"ARG,BRA,CHL,COL,MEX,PER,URY",both cycles,367.5159560757755,364.5232106926855,-2.992745383089982,1.9263879071939531,383.49346638411015,382.80200315391306,-0.6914632301970869,1.9882880031450658,403.72483051346,404.69499519103863,0.970164677578623,2.180915179956095,430.1732004665299,432.2220789075364,2.0488784410064795,2.479357990636972,15.977510308334672,18.278792461227567,2.3012821528928953,1.8461472497351898,36.20887443768453,40.171784498353134,3.962910060668605,2.0142791877668533,62.65724439075444,67.6988682148509,5.041623824096462,2.434512125473066,20.231364129349856,21.892992037125566,1.66162790777571,1.9298314136611339,46.67973408241977,49.42007575362334,2.7403416712035664,2.35128382119595,26.448369953069914,27.52708371649777,1.0787137634278565,2.089556352849259
ARG,pared_h,1,ARG,both cycles,352.05132438125776,350.00980332586795,-2.0415210553898078,4.838783907564295,373.1998542171043,361.3691803916589,-11.830673825445388,3.9870533178269305,390.6438956783901,388.37529807968707,-2.2685975987030247,6.453570127204777,395.69147525745086,399.04731352113765,3.355838263686792,5.261350084941118,21.148529835846546,11.359377065790966,-9.78915277005558,4.7012404164004336,38.59257129713234,38.36549475381912,-0.22707654331321692,6.0892892787194866,43.640150876193104,49.037510195269704,5.3973593190766,6.2625557647358985,17.444041461285792,27.006117688028155,9.562076226742363,5.68361830897256,22.49162104034656,37.67813312947874,15.18651208913218,5.450193847583299,5.047579579060766,10.672015441450583,5.6244358623898165,5.337709740324884
BRA,pared_h,1,BRA,both cycles,352.9465295888574,343.7820636066999,-9.16446598215748,2.9369124761613876,379.26452548859163,376.5482927355355,-2.716232753056147,3.1477095563394335,391.54334222900945,400.38276834285404,8.839426113844581,4.236050574203233,393.99076840638475,411.5112845891123,17.520516182727533,4.217571328028026,26.31799589973423,32.76622912883556,6.448233229101334,3.262625724386458,38.59681264015205,56.600704736154114,18.003892096002062,4.406965045534264,41.044238817527344,67.72922098241236,26.684982164885014,4.691163630758602,12.278816740417824,23.834475607318552,11.555658866900728,4.137543996011012,14.726242917793115,34.962991853576796,20.23674893578368,4.172914977959706,2.4474261773752914,11.128516246258243,8.681090068882952,3.9287693787766558
CHL,pared_h,1,CHL,both cycles,394.2807219547145,380.2326606813655,-14.048061273349049,4.421314254613246,411.01223677455243,396.64142963756626,-14.370807136986173,4.4457967496807544,424.5365553605878,419.96697991864403,-4.569575441943755,4.571159799201441,427.7707261298509,431.386004366418,3.6152782365670646,4.319602358553821,16.731514819837912,16.408768956200788,-0.3227458636371239,4.748871158043982,30.25583340587326,39.734319237278555,9.478485831405294,5.556230079452522,33.49000417513639,51.153343685052505,17.663339509916113,5.461044791354837,13.52431858603535,23.325550281077767,9.801231695042418,5.177832372500005,16.75848935529848,34.74457472885172,17.986085373553237,5.008325223917926,3.2341707692631303,11.41902444777395,8.18485367851082,4.512147526964991
COL,pared_h,1,COL,both cycles,361.9670342083565,355.0337550146065,-6.933279193749968,4.213477692147037,372.31424066824684,378.59836517737006,6.284124509123217,4.324325226298699,399.75866315226637,398.3887512184534,-1.3699119338129435,6.511837899226968,401.77036724118824,415.1755448110024,13.405177569814157,7.043258116403035,10.347206459890344,23.56461016276353,13.217403702873185,4.616230777420033,37.79162894390987,43.354996203846895,5.563367259937024,6.4834290403682715,39.803333032831745,60.14178979639587,20.338456763564125,7.237406718543156,27.444422484019526,19.790386041083366,-7.65403644293616,5.78321436301001,29.4561265729414,36.57717963363234,7.12105306069094,6.891265902753532,2.0117040889218742,16.786793592548975,14.7750895036271,5.338569903826866
MEX,pared_h,1,MEX,both cycles,374.71615107064446,367.5546609764623,-7.16149009418217,3.6637558866001694,390.79615752825725,385.8761272914894,-4.920030236767843,3.755276936154683,400.6874940156499,397.3633481585673,-3.3241458570826126,4.602743146773796,414.50512898982225,411.34873466385017,-3.1563943259720872,5.349613124129595,16.080006457612797,18.321466315027124,2.241459857414327,4.48783093245962,25.97134294500546,29.808687182105018,3.8373442370995576,4.927059406516544,39.788977919177796,43.79407368738788,4.005095768210083,5.561508485594868,9.891336487392664,11.487220867077895,1.5958843796852307,4.557104019491182,23.708971461565,25.472607372360756,1.763635910795756,5.59709936580902,13.817634974172336,13.985386505282861,0.16775153111052532,4.632073936472638
PER,pared_h,1,PER,both cycles,362.9206306674327,357.36141119139836,-5.559219476034343,4.464423003121403,380.64369228628175,380.4708471196521,-0.17284516662965643,4.402034458475536,410.23138350245625,408.77833954562163,-1.4530439568346196,5.588969687139581,412.44219780990386,403.631966935951,-8.810230873952833,5.470748453793093,17.723061618849044,23.10943592825373,5.386374309404687,4.976236441114381,47.31075283502355,51.41692835422327,4.106175519199724,5.490775025524164,49.521567142471156,46.27055574455267,-3.2510113979184894,5.813472392290695,29.587691216174505,28.307492425969542,-1.2801987902049632,5.543097546971866,31.79850552362211,23.161119816298935,-8.637385707323176,5.925532148248789,2.210814307447606,-5.146372609670607,-7.357186917118213,5.5812035011704175
URY,pared_h,1,URY,both cycles,381.0762521709173,372.4567633138485,-8.619488857068802,4.301406007944889,402.99400665168673,397.4700625156573,-5.523944136029456,4.185143288548852,417.37989404741,410.5573422321506,-6.82255181525943,5.092437359787478,437.842623135036,456.2556220007803,18.412998865744328,4.645110771583441,21.917754480769418,25.013299201808763,3.095544721039346,5.131554398006971,36.30364187649269,38.10057891830206,1.7969370418093717,5.463350804201425,56.766370964118664,83.7988586869318,27.03248772281313,5.775758109670777,14.385887395723273,13.087279716493299,-1.298607679229974,5.292344883721343,34.84861648334925,58.78555948512303,23.936943001773784,5.772638123654479,20.462729087625974,45.69827976862973,25.235550681003758,5.683819116285788
LATAM7,pared_h,7,"ARG,BRA,CHL,COL,MEX,PER,URY",both cycles,368.56552057745427,360.91873115860705,-7.64678941884722,1.9362796864805514,387.17495908781723,382.4249006955614,-4.7500583922558235,1.9047620430901298,404.96874685510994,403.4018324994254,-1.5669143556845597,2.3200975150683885,412.00189813851955,418.33663869832174,6.334740559802185,2.2873809341442057,18.609438510362963,21.50616953695436,2.8967310265913966,1.7370169014031387,36.403226277655676,42.48310134081834,6.07987506316266,2.08825704315396,43.436377561065285,57.41790753971469,13.981529978649405,2.220111721644004,17.793787767292713,20.976931803863977,3.1831440365712638,1.9648978042449716,24.82693905070232,35.91173800276033,11.084798952058009,2.116280444832492,7.033151283409609,14.934806198896354,7.901654915486745,1.9043340431537246
ARG,books_h,1,ARG,both cycles,342.9614709785847,335.1894882112048,-7.771982767379939,4.302503155950745,366.7950859838992,352.1635969747773,-14.631489009121879,4.778700825390033,393.68088139268764,381.71730625628516,-11.963575136402483,5.734766108166858,409.4123829009096,409.4376152995233,0.02523239861369575,5.512698440670212,23.83361500531447,16.97410876357253,-6.85950624174194,4.966889748887932,50.719410414102924,46.52781804508038,-4.191592369022544,5.582667758685422,66.4509119223249,74.24812708831854,7.797215165993634,6.124496992502074,26.885795408788454,29.55370928150785,2.667913872719396,5.356992092028559,42.617296917010435,57.27401832474601,14.656721407735574,6.054316323034424,15.731501508221982,27.72030904323816,11.988807535016178,5.421322918779509
BRA,books_h,1,BRA,both cycles,347.97698959066827,341.4331094543829,-6.543880136285395,2.8759354917760604,365.79638120292253,365.7401643731836,-0.056216829738957586,2.698173749697686,382.6548637187585,381.63556990038757,-1.0192938183709543,3.732414649242953,421.8061875316018,425.80439154531234,3.9982040137105628,5.0403803645071505,17.819391612254265,24.307054918800702,6.4876633065464375,2.9703822417565315,34.67787412809025,40.20246044600469,5.524586317914441,3.49280973385067,73.82919794093351,84.37128209092947,10.542084149995958,4.972729011111076,16.858482515835988,15.895405527203991,-0.9630769886319968,3.748255739581682,56.00980632867925,60.06422717212877,4.05442084344952,5.20776761763545,39.15132381284326,44.168821644924776,5.017497832081517,4.348161173439856
CHL,books_h,1,CHL,both cycles,382.5185853446684,375.06352444686183,-7.455060897806561,4.227121827291785,400.0969034403192,395.14881286944893,-4.948090570870249,4.37014443746957,423.25541401679027,411.34840790867673,-11.907006108113535,4.705723605988072,447.59519527103083,435.8220466442561,-11.773148626774741,4.235543986816357,17.578318095650786,20.085288422587098,2.5069703269363117,4.610536747940596,40.736828672121874,36.2848834618149,-4.451945210306974,5.1326568178085,65.07660992636244,60.75852219739426,-4.31808772896818,5.226690992888652,23.158510576471087,16.199595039227802,-6.958915537243286,4.8987722924863295,47.49829183071165,40.67323377480716,-6.825058055904492,4.552231153415006,24.339781254240563,24.473638735579357,0.1338574813387936,4.802365906585074
COL,books_h,1,COL,both cycles,354.5538707221519,354.2758632402945,-0.27800748185740076,4.355976434037819,372.6698877954947,372.6114154818932,-0.05847231360149863,4.495459969112546,389.636511034539,388.68767783801303,-0.9488331965259817,5.177337189537408,420.0257824092106,415.89508482541703,-4.130697583793562,7.027486507351614,18.11601707334279,18.33555224159869,0.21953516825590214,4.309392799538931,35.08264031238713,34.411814597718546,-0.670825714668581,4.731008254034507,65.47191168705871,61.619221585122546,-3.8526901019361617,6.60560657142204,16.96662323904434,16.076262356119855,-0.8903608829244831,4.423947428914731,47.35589461371592,43.283669343523854,-4.072225270192064,6.466965238022292,30.38927137467158,27.207406987404,-3.1818643872675807,5.6678964649795045
MEX,books_h,1,MEX,both cycles,374.83962795729667,364.4452382432551,-10.394389714041552,3.8001447679463998,388.40380981236444,379.91766976411026,-8.486140048254185,3.4354923595880313,401.4635570885781,394.6938959917596,-6.769661096818538,4.2537367952715535,416.3576398411122,413.3048218330015,-3.0528180081107053,5.806664336433375,13.564181855067773,15.472431520855139,1.9082496657873662,4.186705986712634,26.623929131281443,30.248657748504456,3.6247286172230133,4.549513400935359,41.51801188381552,48.859583589746364,7.341571705930846,5.908191273274942,13.05974727621367,14.776226227649317,1.716478951435647,4.078579328997445,27.953830028747745,33.387152068891226,5.43332204014348,5.74325641045793,14.894082752534075,18.610925841241908,3.716843088707833,5.197813730102482
PER,books_h,1,PER,both cycles,372.9882341973888,362.7720155428515,-10.216218654537329,4.069679473427255,380.0876399555219,369.7325838296433,-10.355056125878605,4.115588678677075,394.04142484788383,386.72334396442227,-7.318080883461562,5.069137299599362,419.76002240620585,413.0518284744597,-6.708193931746166,5.368648168381646,7.099405758133116,6.96056828679184,-0.1388374713412759,4.249311953413055,21.053190650495026,23.951328421570793,2.898137771075767,4.454417061140012,46.77178820881704,50.279812931608205,3.5080247227911627,5.0378476815524165,13.95378489236191,16.990760134778952,3.036975242417043,4.8503279225181455,39.672382450683926,43.319244644816365,3.6468621941324386,5.494741565926292,25.718597558322017,26.328484510037413,0.6098869517153958,5.135931803763645
URY,books_h,1,URY,both cycles,365.02586410392377,366.2264957812973,1.200631677373508,4.447337416138432,393.88669884457994,390.6629136253142,-3.2237852192657215,4.047998608478298,422.0517099555962,420.92963976522014,-1.1220701903760641,4.752271189437021,456.68240035563576,446.9986997685336,-9.68370058710218,4.515725302733127,28.860834740656173,24.436417844016944,-4.424416896639229,4.732306979243782,57.02584585167244,54.70314398392287,-2.322701867749572,5.3632086059147115,91.656536251712,80.77220398723631,-10.884332264475688,5.600137923157145,28.16501111101627,30.266726139905927,2.1017150288896573,5.439309984896064,62.795701511055825,56.335786143219366,-6.459915367836459,5.3425039393989415,34.630690400039555,26.06906000331344,-8.561630396726116,5.382950786125915
LATAM7,books_h,7,"ARG,BRA,CHL,COL,MEX,PER,URY",both cycles,362.9806632706689,357.0579621314497,-5.922701139219214,1.9001644899971117,381.1052010050145,375.1395938454815,-5.965607159533022,1.900930043906358,400.96919457926197,395.1051202321092,-5.86407434715278,2.141210927675124,427.37708724510094,422.902069770072,-4.475017475028949,2.341136069385716,18.12453773434561,18.0816317140318,-0.04290602031380786,1.6369519228411473,37.98853130859305,38.04715810065949,0.058626792066434064,1.8148841214501918,64.39642397443203,65.84410763862229,1.447683664190265,2.1420856338909524,19.863993574247445,19.965526386627687,0.10153281238024192,1.784643390900009,46.27188624008642,47.76247592459049,1.490589684504073,2.1094518340934063,26.407892665838972,27.796949537962803,1.389056872123831,1.9475585901954382
ARG,escs_pca,1,ARG,both cycles,347.47441812429577,342.864278597748,-4.610139526547755,4.234427041719664,363.22491045469803,356.31030331642995,-6.914607138268082,4.581951408456627,384.664320450088,369.9159034045731,-14.748417045514884,5.419276921010823,419.27126834153523,426.25859378259463,6.987325441059397,6.450500377287484,15.750492330402267,13.44602471868194,-2.3044676117203267,4.664338168282437,37.18990232579222,27.05162480682509,-10.13827751896713,5.622821016700078,71.79685021723947,83.39431518484662,11.597464967607152,7.335681898414695,21.43940999538995,13.605600088143149,-7.833809907246803,5.118060444916213,56.0463578868372,69.94829046616468,13.901932579327479,6.623976411850571,34.60694789144725,56.34269037802153,21.73574248657428,5.90754220876231
BRA,escs_pca,1,BRA,both cycles,350.85098541244054,344.3632377574274,-6.487747655013152,2.7329357025508743,365.95770900936077,364.2719054659013,-1.6858035434594854,3.147074398226045,379.7319805001786,387.46176841167437,7.729787911495748,3.7604629826779683,426.0031122521476,435.3908779772996,9.387765725152008,5.300986531814079,15.106723596920233,19.9086677084739,4.8019441115536665,3.2137877225140277,28.880995087738086,43.098530654246986,14.2175355665089,4.067056190602829,75.15212683970708,91.02764021987224,15.87551338016516,5.648877445256438,13.774271490817853,23.189862945773086,9.415591454955234,3.5844064105786093,60.04540324278685,71.11897251139834,11.073569268611493,5.512823566557246,46.271131751968994,47.929109565625254,1.6579778136562595,4.921156766800838
CHL,escs_pca,1,CHL,both cycles,386.33778597218617,376.30732605825403,-10.030459913932134,4.301093814185507,401.5616344616976,389.66133601183026,-11.900298449867364,4.480785084375674,415.39895105406515,408.4218642994549,-6.977086754610241,4.68529090056114,452.1384302134653,452.1252940345397,-0.013136178925606146,5.134266548193643,15.223848489511454,13.354009953576224,-1.86983853593523,4.924482661847073,29.061165081878983,32.114538241200876,3.053373159321893,5.443186052584627,65.80064424127914,75.81796797628567,10.017323735006528,6.630638999313314,13.837316592367529,18.760528287624652,4.923211695257123,5.036025470529003,50.57679575176769,62.46395802270945,11.887162270941758,5.612044280646916,36.73947915940016,43.7034297350848,6.963950575684635,5.671008402465733
COL,escs_pca,1,COL,both cycles,352.86917116675966,351.48840463809705,-1.3807665286626047,4.024682376917618,369.96405447582083,371.34115395757806,1.3770994817572273,4.41504889103343,386.00636034820184,387.4987463018399,1.4923859536380633,5.82824436831162,427.90139512921314,431.18922734156166,3.287832212348519,8.988772338492955,17.094883309061174,19.852749319481006,2.757866010419832,4.709835598199946,33.13718918144218,36.01034166374285,2.873152482300668,5.800586461060583,75.03222396245349,79.70082270346461,4.668598741011124,9.478809802222003,16.042305872381007,16.157592344261843,0.11528647188083596,4.865134266628499,57.93734065339231,59.8480733839836,1.9107327305912918,9.10248372761258,41.895034781011304,43.69048103972176,1.7954462587104558,8.010727208955274
MEX,escs_pca,1,MEX,both cycles,370.84761487682084,363.99447289265856,-6.853141984162278,3.5728256247019106,385.35418612997995,379.34247242632966,-6.011713703650287,3.63387905420562,397.6514873494862,392.34318955762484,-5.308297791861378,4.819392552041949,427.11515045605273,421.541660781328,-5.573489674724726,5.347156695772513,14.506571253159109,15.3479995336711,0.841428280511991,4.002020210255105,26.803872472665375,28.348716664966275,1.5448441923009,5.103090887899235,56.26753557923189,57.54718788866944,1.2796523094375516,5.80329768214948,12.297301219506267,13.000717131295175,0.7034159117889089,4.222430305596764,41.76096432607278,42.19918835499834,0.43822402892556056,5.479911443355837,29.463663106566514,29.198471223703166,-0.2651918828633484,5.280990914200601
PER,escs_pca,1,PER,both cycles,352.6480674265083,350.95280131315633,-1.6952661133519769,3.8790225172758537,377.72887312899104,371.02807811502,-6.70079501397106,4.39737472325778,399.7976536701782,392.81830280596625,-6.979350864211938,5.400031422566374,436.5427256231219,426.85850585531915,-9.684219767802745,5.985975327107475,25.080805702482735,20.07527680186365,-5.005528900619083,4.1829561154275545,47.14958624366989,41.865501492809926,-5.284084750859961,5.579911380004164,83.89465819661359,75.90570454216282,-7.988953654450768,6.415467520254097,22.068780541187152,21.790224690946275,-0.2785558502408776,4.916745756705614,58.813852494130856,55.83042774029917,-2.9834247538316845,6.373931421163505,36.745071952943704,34.0402030493529,-2.704868903590807,6.127936074753935
URY,escs_pca,1,URY,both cycles,373.464552961627,369.821093711707,-3.6434592499199994,4.053313988019392,391.857694319326,389.22855712174726,-2.629137197578757,4.344624613628978,413.7376095755969,412.65507858869466,-1.0825309869022135,4.569516815821522,461.8122188497773,464.00351472850826,2.191295878730955,5.375600279319001,18.393141357698994,19.407463410040236,1.0143220523412424,4.8140261899263805,40.27305661396986,42.83398487698764,2.560928263017786,5.173000687604817,88.34766588815029,94.18242101680124,5.834755128650954,6.154056053136811,21.879915256270863,23.426521466947406,1.5466062106765435,4.801288977679414,69.9545245304513,74.774957606761,4.820433076309712,6.400332178155103,48.07460927418043,51.3484361398136,3.2738268656331684,6.222709656715731
LATAM7,escs_pca,7,"ARG,BRA,CHL,COL,MEX,PER,URY",both cycles,362.07037084866255,357.11308785272115,-4.957282995941398,1.8452964978226674,379.3784374256963,374.45482948783376,-4.923607937862528,1.939908435303374,396.71262327825633,393.01640762426115,-3.696215653995182,2.190937714144549,435.8263286950447,436.7668106430216,0.9404819479768776,2.6057315090984483,17.308066577033742,17.341741635112612,0.03367505807887028,1.661114076035512,34.64225242959378,35.90331977154,1.261067341946216,1.996778137918918,73.75595784638216,79.65372279030044,5.8977649439182755,2.60393794209728,17.33418585256004,18.561578136427386,1.2273922838673457,1.7677916488592174,56.44789126934842,62.31198115518782,5.864089885839405,2.4753446322811032,39.11370541678838,43.75040301876044,4.63669760197206,2.3017806178943663
ARG,escs_cc,1,ARG,both cycles,350.81132908932017,354.0635079895118,3.252178900191609,4.231638782598852,368.6798705035584,366.58637116147,-2.0934993420883643,4.631244762409846,391.56252585281106,390.62547028670735,-0.9370555661037088,5.898285018268046,425.6910760271793,436.6139711092322,10.92289508205289,6.893273332066772,17.868541414238223,12.52286317195825,-5.345678242279973,4.91765325360763,40.751196763490896,36.56196229719558,-4.189234466295318,6.05031030039511,74.87974693785912,82.5504631197204,7.67071618186128,7.623316302771111,22.882655349252673,24.03909912523733,1.1564437759846555,5.767742161042555,57.0112055236209,70.02759994776216,13.016394424141254,6.857895252076868,34.12855017436823,45.98850082252483,11.859950648156598,6.571761658443731
BRA,escs_cc,1,BRA,both cycles,355.33743800699085,353.9582285757598,-1.379209431231061,2.8690682775770124,371.28196121759123,379.00760912369816,7.7256479061069285,3.229410653781872,388.4801519985904,405.1422199753212,16.66206797673084,3.759072714267869,433.2429904391799,444.90795798437256,11.664967545192667,5.448081754026802,15.94452321060038,25.04938054793837,9.10485733733799,3.530593148800438,33.14271399159952,51.18399139956142,18.0412774079619,4.16595554820304,77.90555243218904,90.94972940861277,13.044176976423728,5.822535281928369,17.19819078099914,26.13461085162305,8.93642007062391,3.576895155646786,61.96102922158866,65.9003488606744,3.9393196390857383,5.62393564932836,44.76283844058952,39.76573800905135,-4.997100431538172,4.926838331839293
CHL,escs_cc,1,CHL,both cycles,389.7279682818172,384.998638629603,-4.729329652214176,4.3550374774790805,407.1164427541549,398.98322869337056,-8.133214060784326,4.2830400638239885,420.81415516913967,418.1097374517859,-2.704417717353749,4.584069956947959,458.3744863428957,454.9738952784725,-3.4005910644231676,4.980152023017347,17.38847447233769,13.984590063767541,-3.40388440857015,5.235229092186229,31.08618688732247,33.111098822182896,2.0249119348604268,5.197425132760272,68.6465180610785,69.9752566488695,1.3287385877910083,6.563466967407294,13.697712414984778,19.126508758415355,5.428796343430577,5.224952350003145,51.258043588740804,55.99066658510196,4.732622996361158,5.422819300697804,37.560331173756026,36.86415782668661,-0.6961733470694185,5.459389112799436
COL,escs_cc,1,COL,both cycles,353.8282416931778,356.2556146111268,2.4273729179490147,4.333556177784088,372.05836517993606,379.9600493320194,7.901684152083362,4.510756772201701,388.0035245188383,398.24761778222944,10.244093263391164,5.916999535395042,432.5085652797037,437.0986853030743,4.590120023370616,8.874105811404789,18.23012348675826,23.704434720892607,5.474311234134348,5.0182727000770875,34.175282825660474,41.992003171102624,7.81672034544215,6.103269453731548,78.6803235865259,80.8430706919475,2.1627471054216016,9.769474068839552,15.945159338902215,18.287568450210017,2.342409111307802,5.013913382252349,60.45020009976764,57.138635971054896,-3.311564128712746,9.00753332999466,44.50504076086543,38.85106752084488,-5.653973240020548,7.819148599633797
MEX,escs_cc,1,MEX,both cycles,371.7843306096605,368.44469776886456,-3.3396328407959572,3.4886133838643834,387.6242855017698,384.9270778685902,-2.69720763317963,3.538958447677532,399.8120757530131,398.3418862514581,-1.4701895015550122,4.915551856134243,430.398648397329,423.6802084251308,-6.718439972198212,5.515911589776125,15.83995489210929,16.482380099725617,0.642425207616327,3.9004699048593188,28.027745143352604,29.89718848259355,1.869443339240945,5.046696707222752,58.61431778766848,55.23551065626623,-3.3788071314022545,5.9089679961216826,12.187790251243314,13.414808382867932,1.227018131624618,4.5927933529299265,42.77436289555919,38.75313055654061,-4.021232339018582,5.669688288264468,30.58657264431588,25.33832217367268,-5.2482504706432,5.536536224995231
PER,escs_cc,1,PER,both cycles,351.6241140011058,353.52022211988907,1.8961081187832747,4.274114210731662,380.4232854775425,379.42471296513384,-0.9985725124086571,4.747638070910122,403.09433879318664,399.5694194737807,-3.5249193194059103,5.370043950060219,439.06399474436586,434.406786787322,-4.657207957043852,6.154728640240649,28.799171476436698,25.904490845244766,-2.8946806311919318,4.60372110611201,51.47022479208084,46.04919735389166,-5.421027438189185,5.956779991033839,87.43988074326006,80.88656466743294,-6.5533160758271265,6.905005658281783,22.671053315644144,20.14470650864689,-2.5263468069972532,4.9461120807866585,58.640709266823364,54.98207382218817,-3.6586354446351947,6.896920353680827,35.96965595117922,34.83736731354128,-1.1322886376379415,6.415931314407869
URY,escs_cc,1,URY,both cycles,378.89014268578177,376.00564464660516,-2.8844980391766057,4.222977533738703,397.80857160652965,398.3695607573265,0.5609891507968428,4.086629272052603,419.3586742702461,419.31722775092084,-0.041446519325290865,4.452737417115667,467.7551658369187,467.70028897674393,-0.054876860174772446,5.445063328684732,18.918428920747886,22.363916110721334,3.4454871899734485,4.842793674177647,40.46853158446436,43.31158310431567,2.843051519851315,4.947610600069516,88.86502315113694,91.69464433013877,2.8296211790018333,6.27841618484466,21.550102663716473,20.94766699359434,-0.6024356701221336,4.965499311826371,69.94659423038905,69.33072821941744,-0.6158660109716152,6.09007168794162,48.39649156667258,48.3830612258231,-0.013430340849481581,5.998942332767035
LATAM7,escs_cc,7,"ARG,BRA,CHL,COL,MEX,PER,URY",both cycles,364.57193776683636,363.89236490590855,-0.6795728609278058,1.8880353411544903,383.5703974630118,383.89408712880123,0.323689665789459,1.9422610063381052,401.5893494794036,404.1933684246005,2.6040189451969127,2.2144454655812824,441.00498958108176,442.7688276949069,1.7638381138251589,2.638869424382603,18.998459696175416,20.00172222289268,1.0032625267172648,1.7443766801910074,37.01741171256725,40.30100351869197,3.2835918061247185,2.0386860142106435,76.4330518142454,78.87646278899837,2.4434109747529646,2.6823387087922734,18.018952016391836,20.29928129579929,2.2803292794074537,1.8555731936325597,57.434592118069986,58.874740566105686,1.4401484480356999,2.498995121107349,39.41564010167815,38.575459270306396,-0.8401808313717538,2.330851288234376
ARG,escs_h_cc,1,ARG,both cycles,351.4807690520613,351.9243308962799,0.4435618442186069,4.243119976764829,370.1054448070223,366.993342140593,-3.1121026664293368,5.099187092244508,390.52413963429365,391.5982956405514,1.0741560062577378,5.635286778620783,424.6548427278214,437.3820852600514,12.72724253222998,6.814463344891817,18.624675754961004,15.06901124431306,-3.5556645106479436,5.36770698044116,39.04337058223234,39.67396474427147,0.6305941620391309,5.845192194726074,73.1740736757601,85.45775436377147,12.283680688011373,7.729875607810544,20.418694827271338,24.604953499958413,4.1862586726870745,5.721391710444689,54.549397920799095,70.38874311945841,15.839345198659316,6.847589576007878,34.13070309352776,45.7837896195,11.653086525972242,6.483526041628412
BRA,escs_h_cc,1,BRA,both cycles,355.08257810178685,352.91951169010025,-2.1630664116866,2.803756554564132,371.66573418541003,380.11043141218397,8.44469722677394,3.1480920659164107,389.0754453811996,405.91297540124623,16.837530020046643,3.8616613818746344,432.526620305886,444.0645783780512,11.537958072165168,5.517315101948193,16.58315608362318,27.19091972208372,10.60776363846054,3.227857303492877,33.992867279412735,52.99346371114598,19.000596431733243,4.269402687570852,77.44404220409916,91.14506668795093,13.701024483851768,5.759416151849525,17.409711195789555,25.802543989062258,8.392832793272703,3.8508936605012876,60.86088612047598,63.95414696586721,3.093260845391228,5.659854564948341,43.45117492468643,38.15160297680495,-5.299571947881475,5.131868594591699
CHL,escs_h_cc,1,CHL,both cycles,390.5826092404309,382.9741788318374,-7.608430408593506,4.223529260672543,408.27853660489404,398.7527218508324,-9.525814754061628,4.446976181251575,420.19194285987453,417.98776326223305,-2.2041795976414846,4.3170976613270176,456.96979448592083,457.3769159611531,0.40712147523225894,5.155762554060873,17.69592736446316,15.778543018995038,-1.9173843454681219,4.98813187304892,29.609333619443646,35.01358443039567,5.404250810952021,5.169284655835943,66.38718524548995,74.40273712931571,8.015551883825765,6.596462441568808,11.913406254980487,19.23504141140063,7.321635156420143,5.034396315908757,48.691257881026786,58.62419411032067,9.932936229293887,5.746826615687615,36.7778516260463,39.38915269892004,2.6113010728737436,5.422555791708595
COL,escs_h_cc,1,COL,both cycles,354.1535136895079,355.2286578839588,1.0751441944508997,4.165294250026039,372.04621670855806,379.69512438339217,7.648907674834106,5.022190328667449,390.11919492107086,399.43320748220765,9.314012561136792,5.7214201440574515,430.0558128412272,437.21749206256646,7.161679221339284,9.019693612278937,17.892703019050145,24.466466499433352,6.573763480383207,5.415459756813878,35.96568123156294,44.20454959824883,8.238868366685892,6.0542375059673175,75.90229915171926,81.98883417860765,6.086535026888384,9.844552290519493,18.072978212512794,19.73808309881548,1.6651048863026858,5.084188738855763,58.00959613266912,57.522367679174295,-0.48722845349482213,8.993970080800002,39.93661792015632,37.784284580358815,-2.152333339797508,8.425882393506184
MEX,escs_h_cc,1,MEX,both cycles,372.3793223518855,367.3789002229955,-5.000422128889966,3.504931048985463,387.22261882096774,385.1116558588566,-2.1109629621111594,3.5384894239057507,400.89707521297294,398.6367858186697,-2.2602893943032427,4.7165750219469915,429.1172999509612,424.2592934960089,-4.85800645495226,5.495234983293857,14.843296469082247,17.732755635861054,2.8894591667788063,3.808535544525785,28.517752861087445,31.257885595674168,2.740132734586723,4.891272105846387,56.73797759907569,56.8803932730134,0.14241567393770538,5.8841108256348935,13.674456392005197,13.525129959813114,-0.1493264321920833,4.372413809314624,41.894681129993444,39.14763763715234,-2.747043492841101,5.619153339185401,28.220224737988246,25.62250767733923,-2.5977170606490176,5.267801300766347
PER,escs_h_cc,1,PER,both cycles,353.405288727708,353.60269519596443,0.1974064682564176,3.97500432050649,379.133979102882,376.98436733566007,-2.149611767221927,4.878199846996907,403.06154591680615,401.43294384945887,-1.6286020673472876,5.405513519221762,438.58771845714,434.88528841724684,-3.7024300398931587,6.447698187113227,25.728690375173983,23.381672139695638,-2.3470182354783446,4.680719867143022,49.65625718909814,47.830248653494436,-1.8260085356037052,5.764693190155347,85.18242972943199,81.28259322128241,-3.8998365081495763,6.998002766490909,23.92756681392416,24.4485765137988,0.5210096998746394,5.1640935764378915,59.453739354258005,57.90092108158677,-1.5528182726712316,7.227571696379643,35.526172540333846,33.452344567787975,-2.073827972545871,6.7818145095496325
URY,escs_h_cc,1,URY,both cycles,378.21097524203645,373.9916511022719,-4.219324139764581,3.9971891438232876,397.50668320392344,399.325053066333,1.8183698624095541,4.555239765694645,421.886381442136,419.51251410206004,-2.3738673400759467,4.427473565173668,466.2061963291254,468.54164412384625,2.335447794720835,5.4417665841817495,19.29570796188699,25.333401964061125,6.037694002174135,5.1672877882043435,43.67540620009953,45.520862999788164,1.845456799688634,4.989975447265971,87.99522108708896,94.54999302157438,6.554771934485416,6.234849048736935,24.37969823821254,20.18746103572704,-4.192237202485501,5.121277552298056,68.69951312520197,69.21659105751326,0.5170779323112811,6.243360567740257,44.319814886989434,49.029130021786216,4.709315134796782,6.080750911973432
LATAM7,escs_h_cc,7,"ARG,BRA,CHL,COL,MEX,PER,URY",both cycles,365.0421509150596,362.5742751176298,-2.4678757974298264,1.8495918778577227,383.7084590619511,383.85324229255014,0.14478323059904596,2.0227831704820125,402.2508179097648,404.93064079377524,2.6798228840104343,2.174161085701121,439.73118358544025,443.3896139569892,3.6584303715489455,2.667684465540957,18.66630814689148,21.278967174920354,2.6126590280288724,1.787456004966765,37.2086669947052,42.35636567614546,5.147698681440261,2.0092919459962157,74.68903267038064,80.81533883935941,6.126306168978772,2.694736076035656,18.542358847813716,21.077398501225105,2.5350396534113884,1.8668492240449364,56.02272452348916,59.53637166443906,3.5136471409498995,2.538009740566535,37.48036567567544,38.458973163213955,0.9786074875385111,2.388279462964917
